path,class_name,label,group,split,p_defective,pred_label,pred_class,outcome,border_brightness,mean_brightness,contrast,sharpness
data/raw/def_front/cast_def_0_1104.jpeg,defective,1,10,test,0.9539903716693376,1,defective,TP,156.66842651367188,136.92214965820312,52.86495590209961,111.5732421875
data/raw/def_front/cast_def_0_1139.jpeg,defective,1,16,test,0.905892719835467,1,defective,TP,225.48361206054688,162.5045166015625,67.07847595214844,272.51043701171875
data/raw/def_front/cast_def_0_1147.jpeg,defective,1,19,test,0.967733346973112,1,defective,TP,220.0465087890625,147.24166870117188,65.6780776977539,274.2652893066406
data/raw/def_front/cast_def_0_1155.jpeg,defective,1,20,test,0.9618212704812558,1,defective,TP,166.4149627685547,137.0542755126953,57.61362838745117,87.2939682006836
data/raw/def_front/cast_def_0_1187.jpeg,defective,1,23,test,0.9512785066480489,1,defective,TP,184.7737274169922,153.8434295654297,57.24653625488281,67.68355560302734
data/raw/def_front/cast_def_0_1257.jpeg,defective,1,30,test,0.9582328326290418,1,defective,TP,152.3810577392578,139.32205200195312,59.67969512939453,203.6902313232422
data/raw/def_front/cast_def_0_1359.jpeg,defective,1,36,test,0.9471628119859118,1,defective,TP,140.6191864013672,130.23687744140625,58.66545867919922,169.71231079101562
data/raw/def_front/cast_def_0_1432.jpeg,defective,1,41,test,0.9613964267403741,1,defective,TP,156.6006317138672,136.41751098632812,51.19775390625,73.53961944580078
data/raw/def_front/cast_def_0_1446.jpeg,defective,1,43,test,0.9712470262837326,1,defective,TP,161.1593780517578,133.48231506347656,55.74259567260742,171.16168212890625
data/raw/def_front/cast_def_0_1493.jpeg,defective,1,45,test,0.9541265938464577,1,defective,TP,226.682861328125,163.70623779296875,68.7713851928711,318.6981201171875
data/raw/def_front/cast_def_0_1616.jpeg,defective,1,57,test,0.9615436964615218,1,defective,TP,158.00277709960938,136.72088623046875,61.455162048339844,92.93351745605469
data/raw/def_front/cast_def_0_1679.jpeg,defective,1,60,test,0.9644095421473292,1,defective,TP,150.51882934570312,136.18475341796875,58.46120834350586,204.05441284179688
data/raw/def_front/cast_def_0_1729.jpeg,defective,1,67,test,0.9437911825923891,1,defective,TP,148.447265625,133.3306121826172,57.52482604980469,142.96058654785156
data/raw/def_front/cast_def_0_177.jpeg,defective,1,69,test,0.966451191203926,1,defective,TP,176.35733032226562,147.36314392089844,60.5656852722168,80.01421356201172
data/raw/def_front/cast_def_0_1828.jpeg,defective,1,77,test,0.9638984064754249,1,defective,TP,174.3319854736328,150.8562469482422,61.904056549072266,106.18545532226562
data/raw/def_front/cast_def_0_1860.jpeg,defective,1,80,test,0.9538385662496429,1,defective,TP,153.93115234375,136.27761840820312,61.487735748291016,92.38423156738281
data/raw/def_front/cast_def_0_1885.jpeg,defective,1,83,test,0.9624963378835716,1,defective,TP,153.81228637695312,138.73654174804688,61.3966178894043,212.81451416015625
data/raw/def_front/cast_def_0_1898.jpeg,defective,1,84,test,0.9649934342264939,1,defective,TP,138.4861602783203,134.30165100097656,65.70645141601562,111.16358184814453
data/raw/def_front/cast_def_0_2141.jpeg,defective,1,100,test,0.9545188755883705,1,defective,TP,217.91293334960938,146.15431213378906,65.46800231933594,276.8311767578125
data/raw/def_front/cast_def_0_2234.jpeg,defective,1,109,test,0.9651688251083832,1,defective,TP,146.41348266601562,131.31446838378906,48.13254928588867,104.00801086425781
data/raw/def_front/cast_def_0_2259.jpeg,defective,1,111,test,0.9662432874308082,1,defective,TP,163.7570343017578,127.6890869140625,55.65079116821289,203.5242156982422
data/raw/def_front/cast_def_0_2304.jpeg,defective,1,116,test,0.9643749550881545,1,defective,TP,229.9400177001953,155.35501098632812,66.65634155273438,268.600830078125
data/raw/def_front/cast_def_0_2358.jpeg,defective,1,122,test,0.9587700716345683,1,defective,TP,148.2633819580078,131.09500122070312,54.8066520690918,138.63938903808594
data/raw/def_front/cast_def_0_2388.jpeg,defective,1,124,test,0.9691232155421435,1,defective,TP,171.10903930664062,136.79042053222656,61.31965637207031,101.43669128417969
data/raw/def_front/cast_def_0_2437.jpeg,defective,1,128,test,0.9691916633342034,1,defective,TP,164.33358764648438,140.9734649658203,59.47029495239258,113.72637939453125
data/raw/def_front/cast_def_0_2474.jpeg,defective,1,130,test,0.9699299190781123,1,defective,TP,225.49716186523438,158.271240234375,73.50456237792969,236.4875946044922
data/raw/def_front/cast_def_0_2480.jpeg,defective,1,131,test,0.9604444492424262,1,defective,TP,174.2180633544922,148.283935546875,61.066322326660156,122.54865264892578
data/raw/def_front/cast_def_0_2515.jpeg,defective,1,135,test,0.9589119383065372,1,defective,TP,156.7029571533203,130.14659118652344,58.242584228515625,160.1615447998047
data/raw/def_front/cast_def_0_255.jpeg,defective,1,136,test,0.9562115305766566,1,defective,TP,143.4660186767578,132.2539825439453,63.34485626220703,230.98338317871094
data/raw/def_front/cast_def_0_2663.jpeg,defective,1,146,test,0.9612629072520683,1,defective,TP,227.47598266601562,159.10865783691406,67.1103515625,123.06448364257812
data/raw/def_front/cast_def_0_2683.jpeg,defective,1,147,test,0.9532485277571623,1,defective,TP,163.10891723632812,138.91781616210938,58.74296188354492,46.091209411621094
data/raw/def_front/cast_def_0_2733.jpeg,defective,1,153,test,0.9628753023042462,1,defective,TP,155.6453857421875,140.336181640625,58.220523834228516,257.0404357910156
data/raw/def_front/cast_def_0_2820.jpeg,defective,1,158,test,0.9746524749300152,1,defective,TP,161.8476104736328,134.74429321289062,52.32514572143555,87.93819427490234
data/raw/def_front/cast_def_0_2950.jpeg,defective,1,168,test,0.9775546994932799,1,defective,TP,215.94808959960938,167.36477661132812,61.75654602050781,155.90379333496094
data/raw/def_front/cast_def_0_3050.jpeg,defective,1,174,test,0.9608650283005277,1,defective,TP,218.4084014892578,151.93597412109375,69.77005004882812,231.5067901611328
data/raw/def_front/cast_def_0_3105.jpeg,defective,1,180,test,0.9681756557633439,1,defective,TP,236.6000213623047,172.1459503173828,67.67171478271484,136.85597229003906
data/raw/def_front/cast_def_0_3114.jpeg,defective,1,182,test,0.9596323454882892,1,defective,TP,145.24215698242188,129.89163208007812,56.310874938964844,214.8501434326172
data/raw/def_front/cast_def_0_3460.jpeg,defective,1,214,test,0.9441741381972161,1,defective,TP,229.8253631591797,145.8236083984375,74.28883361816406,324.0061950683594
data/raw/def_front/cast_def_0_361.jpeg,defective,1,225,test,0.9501701849898911,1,defective,TP,146.55960083007812,131.28106689453125,54.7650032043457,186.26202392578125
data/raw/def_front/cast_def_0_369.jpeg,defective,1,233,test,0.9762731025003015,1,defective,TP,158.927978515625,143.13803100585938,58.795589447021484,108.43476104736328
data/raw/def_front/cast_def_0_3735.jpeg,defective,1,238,test,0.9617092152734997,1,defective,TP,148.6387176513672,136.8095245361328,63.18830871582031,315.8299255371094
data/raw/def_front/cast_def_0_3751.jpeg,defective,1,240,test,0.970788505576088,1,defective,TP,165.40206909179688,141.28684997558594,62.30612564086914,108.72476196289062
data/raw/def_front/cast_def_0_3797.jpeg,defective,1,244,test,0.9544724730593607,1,defective,TP,154.4724578857422,135.7451934814453,59.40966033935547,169.5511016845703
data/raw/def_front/cast_def_0_383.jpeg,defective,1,248,test,0.9563259954923038,1,defective,TP,164.3177032470703,137.3749542236328,55.69629669189453,64.96629333496094
data/raw/def_front/cast_def_0_3831.jpeg,defective,1,249,test,0.9508005378165716,1,defective,TP,143.64242553710938,133.08995056152344,53.93500900268555,81.66820526123047
data/raw/def_front/cast_def_0_3992.jpeg,defective,1,263,test,0.9647740103255611,1,defective,TP,133.25192260742188,128.71580505371094,61.03461837768555,179.50917053222656
data/raw/def_front/cast_def_0_4228.jpeg,defective,1,283,test,0.9724675203561771,1,defective,TP,149.9113006591797,135.83656311035156,59.889320373535156,188.57891845703125
data/raw/def_front/cast_def_0_4239.jpeg,defective,1,285,test,0.9539596109388967,1,defective,TP,159.5784454345703,127.95076751708984,59.69805145263672,110.73728942871094
data/raw/def_front/cast_def_0_4596.jpeg,defective,1,306,test,0.9744693009583774,1,defective,TP,172.8741912841797,144.65423583984375,60.98516082763672,135.76473999023438
data/raw/def_front/cast_def_0_4615.jpeg,defective,1,309,test,0.9587417411259317,1,defective,TP,156.4718017578125,139.57423400878906,61.63731384277344,191.31497192382812
data/raw/def_front/cast_def_0_466.jpeg,defective,1,312,test,0.9626052694958066,1,defective,TP,161.7269744873047,137.33187866210938,56.151119232177734,200.0967254638672
data/raw/def_front/cast_def_0_4677.jpeg,defective,1,314,test,0.9706421312071765,1,defective,TP,161.2159881591797,127.43019104003906,59.57402801513672,108.32343292236328
data/raw/def_front/cast_def_0_5001.jpeg,defective,1,340,test,0.96776015960803,1,defective,TP,152.2286834716797,125.7678451538086,59.5265007019043,218.84019470214844
data/raw/def_front/cast_def_0_5004.jpeg,defective,1,341,test,0.9695165690649253,1,defective,TP,160.06216430664062,141.95755004882812,59.958255767822266,134.70989990234375
data/raw/def_front/cast_def_0_5006.jpeg,defective,1,342,test,0.9567875465981203,1,defective,TP,159.59249877929688,139.65365600585938,56.35083770751953,102.25485229492188
data/raw/def_front/cast_def_0_503.jpeg,defective,1,346,test,0.9626530558630457,1,defective,TP,160.274169921875,135.89013671875,53.31669616699219,160.26596069335938
data/raw/def_front/cast_def_0_5061.jpeg,defective,1,348,test,0.9671825775473004,1,defective,TP,171.17947387695312,144.82569885253906,54.728431701660156,130.460693359375
data/raw/def_front/cast_def_0_5185.jpeg,defective,1,359,test,0.9664152382574315,1,defective,TP,204.01876831054688,130.17144775390625,70.2300796508789,209.114501953125
data/raw/def_front/cast_def_0_5187.jpeg,defective,1,360,test,0.9518591321243861,1,defective,TP,173.1680145263672,146.34620666503906,63.47050857543945,112.53366088867188
data/raw/def_front/cast_def_0_5218.jpeg,defective,1,364,test,0.9615300600377044,1,defective,TP,157.7562255859375,133.0074462890625,53.9532356262207,146.82205200195312
data/raw/def_front/cast_def_0_5480.jpeg,defective,1,391,test,0.9706585206237527,1,defective,TP,229.2100067138672,161.39358520507812,69.42464447021484,140.7518768310547
data/raw/def_front/cast_def_0_5524.jpeg,defective,1,392,test,0.9578768947142852,1,defective,TP,143.5408477783203,134.05865478515625,58.58085250854492,277.118408203125
data/raw/def_front/cast_def_0_5572.jpeg,defective,1,399,test,0.9723045866555785,1,defective,TP,222.1336669921875,157.80857849121094,67.93959045410156,136.4501495361328
data/raw/def_front/cast_def_0_5805.jpeg,defective,1,414,test,0.9562619909937267,1,defective,TP,169.1146697998047,141.64356994628906,57.015159606933594,68.2268295288086
data/raw/def_front/cast_def_0_6035.jpeg,defective,1,435,test,0.9631779707794914,1,defective,TP,153.0714569091797,129.65170288085938,54.8018913269043,96.77415466308594
data/raw/def_front/cast_def_0_604.jpeg,defective,1,436,test,0.9690249822693136,1,defective,TP,157.90542602539062,134.68731689453125,60.12883377075195,212.9241943359375
data/raw/def_front/cast_def_0_6044.jpeg,defective,1,437,test,0.9736200508146398,1,defective,TP,143.72549438476562,131.88426208496094,58.50627517700195,146.555908203125
data/raw/def_front/cast_def_0_6112.jpeg,defective,1,440,test,0.980607379048777,1,defective,TP,176.52310180664062,140.75559997558594,59.21723556518555,105.80724334716797
data/raw/def_front/cast_def_0_619.jpeg,defective,1,445,test,0.9600261448276596,1,defective,TP,133.0240020751953,128.52223205566406,60.03957748413086,179.91220092773438
data/raw/def_front/cast_def_0_6232.jpeg,defective,1,447,test,0.9672442459002029,1,defective,TP,158.76107788085938,136.33163452148438,53.432952880859375,79.7220458984375
data/raw/def_front/cast_def_0_6272.jpeg,defective,1,454,test,0.9680470255084411,1,defective,TP,152.45993041992188,143.50502014160156,64.4282455444336,138.1697540283203
data/raw/def_front/cast_def_0_6369.jpeg,defective,1,458,test,0.962047910359075,1,defective,TP,158.15145874023438,131.4766845703125,60.797752380371094,177.54026794433594
data/raw/def_front/cast_def_0_6406.jpeg,defective,1,460,test,0.9588424959908181,1,defective,TP,223.0454559326172,149.04147338867188,72.37805938720703,277.2560729980469
data/raw/def_front/cast_def_0_6417.jpeg,defective,1,461,test,0.9647349710239892,1,defective,TP,153.205078125,135.02316284179688,61.13241958618164,159.47303771972656
data/raw/def_front/cast_def_0_6536.jpeg,defective,1,470,test,0.9665337378003944,1,defective,TP,125.56230163574219,124.95193481445312,66.05746459960938,198.21910095214844
data/raw/def_front/cast_def_0_6641.jpeg,defective,1,476,test,0.9770483154007977,1,defective,TP,155.57754516601562,145.04580688476562,61.04695510864258,146.4203643798828
data/raw/def_front/cast_def_0_6658.jpeg,defective,1,477,test,0.957743539604421,1,defective,TP,161.2063751220703,134.4756622314453,53.377445220947266,125.05329895019531
data/raw/def_front/cast_def_0_6673.jpeg,defective,1,479,test,0.9714736832170261,1,defective,TP,139.57260131835938,132.98919677734375,51.33727264404297,211.71595764160156
data/raw/def_front/cast_def_0_6777.jpeg,defective,1,483,test,0.9578368000151529,1,defective,TP,161.53103637695312,134.6698760986328,52.492618560791016,106.17720031738281
data/raw/def_front/cast_def_0_6929.jpeg,defective,1,499,test,0.9592125296766875,1,defective,TP,209.6101837158203,139.75677490234375,72.47766876220703,197.50306701660156
data/raw/def_front/cast_def_0_702.jpeg,defective,1,503,test,0.9717349588969457,1,defective,TP,160.33056640625,135.16384887695312,52.82533645629883,162.58140563964844
data/raw/def_front/cast_def_0_717.jpeg,defective,1,517,test,0.9709797760735039,1,defective,TP,153.4788055419922,133.86672973632812,53.716209411621094,68.16472625732422
data/raw/def_front/cast_def_0_737.jpeg,defective,1,539,test,0.9548486945154889,1,defective,TP,161.3137969970703,130.62142944335938,55.169803619384766,124.04977416992188
data/raw/def_front/cast_def_0_7394.jpeg,defective,1,542,test,0.954139484998755,1,defective,TP,218.4794158935547,145.75662231445312,72.61884307861328,262.9776611328125
data/raw/def_front/cast_def_0_7446.jpeg,defective,1,548,test,0.9572358551806766,1,defective,TP,160.6598663330078,135.14295959472656,57.98306655883789,185.2178497314453
data/raw/def_front/cast_def_0_7467.jpeg,defective,1,551,test,0.9632031861033804,1,defective,TP,150.15292358398438,138.79493713378906,49.968502044677734,231.88929748535156
data/raw/def_front/cast_def_0_7475.jpeg,defective,1,554,test,0.954794288140082,1,defective,TP,162.0447998046875,135.267333984375,51.71798324584961,128.4229736328125
data/raw/def_front/cast_def_0_7521.jpeg,defective,1,560,test,0.9634214850070679,1,defective,TP,125.1950454711914,122.52237701416016,60.64122772216797,135.44691467285156
data/raw/def_front/cast_def_0_7779.jpeg,defective,1,586,test,0.9628872875072811,1,defective,TP,226.63778686523438,157.06869506835938,66.89810180664062,126.0014419555664
data/raw/def_front/cast_def_0_7793.jpeg,defective,1,589,test,0.9622407863911365,1,defective,TP,154.8475799560547,136.19833374023438,58.19001007080078,95.79886627197266
data/raw/def_front/cast_def_0_7794.jpeg,defective,1,590,test,0.9624923874248789,1,defective,TP,186.76235961914062,146.1128692626953,65.00187683105469,59.68356704711914
data/raw/def_front/cast_def_0_7892.jpeg,defective,1,597,test,0.9640642105378588,1,defective,TP,223.3647003173828,154.71566772460938,67.68175506591797,136.01007080078125
data/raw/def_front/cast_def_0_7937.jpeg,defective,1,604,test,0.9648875467224152,1,defective,TP,165.3025665283203,143.24481201171875,55.22045135498047,196.6123046875
data/raw/def_front/cast_def_0_8310.jpeg,defective,1,635,test,0.9646427589712215,1,defective,TP,145.6117401123047,135.25894165039062,60.44247817993164,186.02406311035156
data/raw/def_front/cast_def_0_8405.jpeg,defective,1,643,test,0.9637722531239022,1,defective,TP,160.3441619873047,140.01809692382812,58.15864944458008,140.5957794189453
data/raw/def_front/cast_def_0_8434.jpeg,defective,1,646,test,0.9627073707616398,1,defective,TP,138.9810791015625,137.0040283203125,64.68878936767578,251.08724975585938
data/raw/def_front/cast_def_0_8596.jpeg,defective,1,658,test,0.9583290211243208,1,defective,TP,144.8966064453125,131.7191619873047,59.52265548706055,142.66041564941406
data/raw/def_front/cast_def_0_8719.jpeg,defective,1,672,test,0.9648458873570694,1,defective,TP,149.12942504882812,135.87794494628906,61.33134841918945,293.2404479980469
data/raw/def_front/cast_def_0_8720.jpeg,defective,1,673,test,0.9686127866800022,1,defective,TP,153.5937042236328,135.6326446533203,57.493900299072266,198.33242797851562
data/raw/def_front/cast_def_0_880.jpeg,defective,1,681,test,0.965284770149309,1,defective,TP,162.11471557617188,138.84075927734375,53.15382766723633,157.3548126220703
data/raw/def_front/cast_def_0_8855.jpeg,defective,1,689,test,0.961096450983081,1,defective,TP,153.89559936523438,132.15809631347656,53.429805755615234,105.28900909423828
data/raw/def_front/cast_def_0_8975.jpeg,defective,1,695,test,0.9545715764393687,1,defective,TP,213.81265258789062,153.44393920898438,65.25148010253906,167.2556610107422
data/raw/def_front/cast_def_0_9021.jpeg,defective,1,696,test,0.9637029257320432,1,defective,TP,163.84243774414062,134.84097290039062,54.17815399169922,95.33548736572266
data/raw/def_front/cast_def_0_9025.jpeg,defective,1,698,test,0.9623409191994045,1,defective,TP,153.435302734375,134.02154541015625,60.4462776184082,160.50747680664062
data/raw/def_front/cast_def_0_9079.jpeg,defective,1,705,test,0.9608557794882994,1,defective,TP,146.96875,132.16368103027344,54.24671936035156,147.35960388183594
data/raw/def_front/cast_def_0_9098.jpeg,defective,1,707,test,0.9615949777358441,1,defective,TP,169.95462036132812,139.62966918945312,53.72657012939453,161.30471801757812
data/raw/def_front/cast_def_0_9339.jpeg,defective,1,726,test,0.9686072665423212,1,defective,TP,142.4344940185547,135.42721557617188,61.4248161315918,185.57608032226562
data/raw/def_front/cast_def_0_937.jpeg,defective,1,729,test,0.965731149083341,1,defective,TP,160.22402954101562,125.93412780761719,56.621299743652344,169.18995666503906
data/raw/def_front/cast_def_0_9378.jpeg,defective,1,730,test,0.9679776004473779,1,defective,TP,125.8997802734375,122.63758087158203,57.17781066894531,147.51458740234375
data/raw/def_front/cast_def_0_9454.jpeg,defective,1,737,test,0.9522092044519103,1,defective,TP,210.8917694091797,137.51609802246094,72.8082504272461,197.6033935546875
data/raw/def_front/cast_def_0_9475.jpeg,defective,1,739,test,0.963404841211418,1,defective,TP,156.5647735595703,140.04820251464844,53.89860916137695,202.2216339111328
data/raw/def_front/cast_def_0_9477.jpeg,defective,1,740,test,0.9580068118145388,1,defective,TP,158.28048706054688,137.80511474609375,58.55332565307617,102.38814544677734
data/raw/def_front/cast_def_0_9480.jpeg,defective,1,741,test,0.9657153096355461,1,defective,TP,152.5967559814453,133.5255126953125,60.87126922607422,177.247802734375
data/raw/def_front/cast_def_0_9498.jpeg,defective,1,743,test,0.9603106764889818,1,defective,TP,144.9534149169922,136.3712158203125,56.724205017089844,295.0135498046875
data/raw/def_front/cast_def_0_9580.jpeg,defective,1,748,test,0.9645571170816137,1,defective,TP,223.3031005859375,153.0564422607422,73.56071472167969,198.53822326660156
data/raw/def_front/cast_def_0_9643.jpeg,defective,1,758,test,0.9592428297547252,1,defective,TP,150.76644897460938,133.7566680908203,52.23542785644531,141.42477416992188
data/raw/def_front/cast_def_0_9879.jpeg,defective,1,776,test,0.9703185397814601,1,defective,TP,219.60678100585938,145.00672912597656,71.70575714111328,273.3124084472656
data/raw/def_front/cast_def_0_994.jpeg,defective,1,777,test,0.9622625320881192,1,defective,TP,141.6573028564453,133.0922393798828,67.02747344970703,270.8710632324219
data/raw/ok_front/cast_ok_0_1018.jpeg,normal,0,781,test,0.01030997136049384,0,normal,TN,211.7129669189453,167.24032592773438,62.970237731933594,174.29588317871094
data/raw/ok_front/cast_ok_0_1362.jpeg,normal,0,801,test,0.0034422405480651103,0,normal,TN,205.575927734375,145.72352600097656,61.74180221557617,235.81436157226562
data/raw/ok_front/cast_ok_0_1604.jpeg,normal,0,814,test,0.011397618677880845,0,normal,TN,161.10635375976562,136.26979064941406,63.12181091308594,126.99555206298828
data/raw/ok_front/cast_ok_0_1817.jpeg,normal,0,826,test,0.008332783221239017,0,normal,TN,198.723876953125,140.5419921875,59.90386962890625,59.38290786743164
data/raw/ok_front/cast_ok_0_1936.jpeg,normal,0,832,test,0.017898639180192476,0,normal,TN,194.84423828125,155.07162475585938,61.4909782409668,67.72340393066406
data/raw/ok_front/cast_ok_0_196.jpeg,normal,0,834,test,0.014131528776137652,0,normal,TN,158.56680297851562,148.97767639160156,63.707977294921875,294.76947021484375
data/raw/ok_front/cast_ok_0_199.jpeg,normal,0,836,test,0.01565471484219853,0,normal,TN,162.23422241210938,139.3957977294922,60.130130767822266,139.82041931152344
data/raw/ok_front/cast_ok_0_2100.jpeg,normal,0,842,test,0.02475956489213085,0,normal,TN,183.90524291992188,156.90074157714844,57.520599365234375,128.78675842285156
data/raw/ok_front/cast_ok_0_2301.jpeg,normal,0,858,test,0.012882358978430193,0,normal,TN,227.52294921875,157.2934112548828,69.26183319091797,275.9775390625
data/raw/ok_front/cast_ok_0_2351.jpeg,normal,0,861,test,0.024928017454969812,0,normal,TN,146.8946075439453,139.22434997558594,57.051918029785156,233.6748504638672
data/raw/ok_front/cast_ok_0_2417.jpeg,normal,0,864,test,0.016087454732839856,0,normal,TN,161.4788818359375,136.9010009765625,60.898780822753906,132.70989990234375
data/raw/ok_front/cast_ok_0_2472.jpeg,normal,0,826,test,0.007602211816228244,0,normal,TN,201.41757202148438,145.21218872070312,60.10502624511719,66.26055908203125
data/raw/ok_front/cast_ok_0_2722.jpeg,normal,0,884,test,0.015497273404839581,0,normal,TN,174.3982696533203,145.12603759765625,57.33340835571289,67.54826354980469
data/raw/ok_front/cast_ok_0_2784.jpeg,normal,0,891,test,0.009822038704751264,0,normal,TN,232.79443359375,161.542724609375,70.39766693115234,239.61537170410156
data/raw/ok_front/cast_ok_0_2989.jpeg,normal,0,899,test,0.011013046162915804,0,normal,TN,220.51217651367188,164.5569610595703,60.09236145019531,92.3807144165039
data/raw/ok_front/cast_ok_0_3064.jpeg,normal,0,836,test,0.023488624496609604,0,normal,TN,159.4991912841797,138.3727569580078,59.94105911254883,140.33084106445312
data/raw/ok_front/cast_ok_0_3106.jpeg,normal,0,909,test,0.02395473716187659,0,normal,TN,181.5990753173828,144.00888061523438,60.631675720214844,48.25046157836914
data/raw/ok_front/cast_ok_0_3338.jpeg,normal,0,923,test,0.007902990887787707,0,normal,TN,233.8203125,168.04075622558594,70.36287689208984,200.8240203857422
data/raw/ok_front/cast_ok_0_35.jpeg,normal,0,932,test,0.02326142054273035,0,normal,TN,183.28073120117188,147.27276611328125,59.79447937011719,47.08716583251953
data/raw/ok_front/cast_ok_0_3812.jpeg,normal,0,941,test,0.02169177685954867,0,normal,TN,197.49008178710938,138.30972290039062,59.82343673706055,60.88877487182617
data/raw/ok_front/cast_ok_0_3897.jpeg,normal,0,948,test,0.016864209319476884,0,normal,TN,182.53372192382812,157.9763641357422,55.69386291503906,135.1831817626953
data/raw/ok_front/cast_ok_0_3984.jpeg,normal,0,953,test,0.021700825159662655,0,normal,TN,179.8510284423828,152.39291381835938,56.7380256652832,70.97216033935547
data/raw/ok_front/cast_ok_0_4020.jpeg,normal,0,955,test,0.01961685456389583,0,normal,TN,208.72409057617188,146.20675659179688,64.02819061279297,166.0724639892578
data/raw/ok_front/cast_ok_0_4082.jpeg,normal,0,960,test,0.01913906061540923,0,normal,TN,178.83035278320312,148.88816833496094,58.254825592041016,66.4292221069336
data/raw/ok_front/cast_ok_0_4561.jpeg,normal,0,982,test,0.02121049778355904,0,normal,TN,213.04776000976562,148.03797912597656,63.86119842529297,170.20079040527344
data/raw/ok_front/cast_ok_0_4639.jpeg,normal,0,988,test,0.018521700601338276,0,normal,TN,156.39407348632812,134.63818359375,58.005165100097656,119.54094696044922
data/raw/ok_front/cast_ok_0_4691.jpeg,normal,0,990,test,0.023065390373849515,0,normal,TN,209.1705322265625,156.36697387695312,65.35861206054688,157.23927307128906
data/raw/ok_front/cast_ok_0_4736.jpeg,normal,0,992,test,0.012081279758332255,0,normal,TN,208.75830078125,157.42771911621094,64.50199127197266,165.0746307373047
data/raw/ok_front/cast_ok_0_4821.jpeg,normal,0,997,test,0.015089878583852525,0,normal,TN,159.32870483398438,136.06068420410156,64.16072082519531,127.76272583007812
data/raw/ok_front/cast_ok_0_4855.jpeg,normal,0,999,test,0.012010923343212878,0,normal,TN,233.3866729736328,165.47019958496094,70.4732437133789,204.95948791503906
data/raw/ok_front/cast_ok_0_4943.jpeg,normal,0,826,test,0.009503926943237088,0,normal,TN,195.9468994140625,138.61773681640625,59.98215866088867,57.60146713256836
data/raw/ok_front/cast_ok_0_5045.jpeg,normal,0,1013,test,0.01917158403685681,0,normal,TN,161.4040985107422,135.55117797851562,62.22270965576172,123.83770751953125
data/raw/ok_front/cast_ok_0_5150.jpeg,normal,0,1019,test,0.010530767895841908,0,normal,TN,226.8070831298828,157.9545440673828,69.4198226928711,286.86688232421875
data/raw/ok_front/cast_ok_0_5191.jpeg,normal,0,990,test,0.02207003592811083,0,normal,TN,209.43600463867188,156.8161163330078,65.37956237792969,172.69371032714844
data/raw/ok_front/cast_ok_0_5472.jpeg,normal,0,1032,test,0.01481167259858249,0,normal,TN,189.64810180664062,153.28494262695312,61.735565185546875,67.78128051757812
data/raw/ok_front/cast_ok_0_5536.jpeg,normal,0,1035,test,0.018892850213694995,0,normal,TN,214.140869140625,147.29083251953125,63.84591293334961,170.3041534423828
data/raw/ok_front/cast_ok_0_5548.jpeg,normal,0,1036,test,0.013364554075366486,0,normal,TN,177.35494995117188,151.627197265625,59.07649612426758,175.86167907714844
data/raw/ok_front/cast_ok_0_5565.jpeg,normal,0,1037,test,0.012620762389388833,0,normal,TN,161.995849609375,136.76136779785156,62.36911392211914,128.75338745117188
data/raw/ok_front/cast_ok_0_5576.jpeg,normal,0,1039,test,0.016567741713466276,0,normal,TN,189.5228729248047,133.04672241210938,58.5673713684082,53.500762939453125
data/raw/ok_front/cast_ok_0_563.jpeg,normal,0,1044,test,0.01422508346470177,0,normal,TN,174.89151000976562,143.66812133789062,60.92913818359375,65.8426742553711
data/raw/ok_front/cast_ok_0_5680.jpeg,normal,0,1046,test,0.022525257941033633,0,normal,TN,185.26321411132812,150.6356964111328,62.27892303466797,122.57465362548828
data/raw/ok_front/cast_ok_0_5685.jpeg,normal,0,1048,test,0.007194525317211252,0,normal,TN,215.1078643798828,162.07553100585938,61.4036750793457,189.12767028808594
data/raw/ok_front/cast_ok_0_5814.jpeg,normal,0,1055,test,0.01812378944079125,0,normal,TN,219.5316925048828,145.45297241210938,67.44652557373047,185.73748779296875
data/raw/ok_front/cast_ok_0_591.jpeg,normal,0,1062,test,0.013829211107364098,0,normal,TN,178.63888549804688,149.89979553222656,57.408729553222656,70.28157043457031
data/raw/ok_front/cast_ok_0_6055.jpeg,normal,0,1067,test,0.03579927280010929,0,normal,TN,143.8380126953125,140.96878051757812,61.00128173828125,233.85682678222656
data/raw/ok_front/cast_ok_0_6129.jpeg,normal,0,1071,test,0.01430089010048443,0,normal,TN,194.29891967773438,155.02108764648438,61.600135803222656,68.29579162597656
data/raw/ok_front/cast_ok_0_6189.jpeg,normal,0,1075,test,0.011575802204536195,0,normal,TN,221.01663208007812,147.27841186523438,68.77426147460938,193.53033447265625
data/raw/ok_front/cast_ok_0_623.jpeg,normal,0,801,test,0.007875480851203827,0,normal,TN,208.7102508544922,151.039794921875,62.15788650512695,162.7940673828125
data/raw/ok_front/cast_ok_0_6329.jpeg,normal,0,1086,test,0.021996881416173623,0,normal,TN,157.90444946289062,148.15005493164062,63.544925689697266,293.95562744140625
data/raw/ok_front/cast_ok_0_638.jpeg,normal,0,1088,test,0.015512092591831566,0,normal,TN,198.34646606445312,135.69979858398438,62.47365188598633,43.55112075805664
data/raw/ok_front/cast_ok_0_6529.jpeg,normal,0,1098,test,0.013419072764128178,0,normal,TN,158.52108764648438,133.84515380859375,64.53792572021484,124.40225982666016
data/raw/ok_front/cast_ok_0_6537.jpeg,normal,0,1099,test,0.015433650111282582,0,normal,TN,193.1536407470703,152.38864135742188,61.21791076660156,68.31731414794922
data/raw/ok_front/cast_ok_0_6765.jpeg,normal,0,1108,test,0.009266411033000502,0,normal,TN,203.3144073486328,147.89083862304688,62.06560516357422,180.8333740234375
data/raw/ok_front/cast_ok_0_6773.jpeg,normal,0,1109,test,0.009246990190428697,0,normal,TN,176.41787719726562,149.76344299316406,59.46186447143555,177.97882080078125
data/raw/ok_front/cast_ok_0_688.jpeg,normal,0,801,test,0.008004804030559058,0,normal,TN,208.8568115234375,152.54798889160156,61.86799621582031,164.2425994873047
data/raw/ok_front/cast_ok_0_7342.jpeg,normal,0,1147,test,0.029573926800500704,0,normal,TN,217.0125732421875,153.35763549804688,64.24555969238281,171.60919189453125
data/raw/ok_front/cast_ok_0_7573.jpeg,normal,0,982,test,0.015992693631070056,0,normal,TN,209.9628448486328,146.1463623046875,63.79865264892578,165.2120819091797
data/raw/ok_front/cast_ok_0_7642.jpeg,normal,0,1167,test,0.009991248257624846,0,normal,TN,178.01797485351562,146.93154907226562,63.89173126220703,164.85899353027344
data/raw/ok_front/cast_ok_0_8127.jpeg,normal,0,1196,test,0.019170008244600918,0,normal,TN,223.0054473876953,169.79440307617188,59.82573699951172,96.9114990234375
data/raw/ok_front/cast_ok_0_8284.jpeg,normal,0,1202,test,0.010995575641370268,0,normal,TN,212.9248809814453,157.8285675048828,62.3376579284668,180.19873046875
data/raw/ok_front/cast_ok_0_8425.jpeg,normal,0,1208,test,0.012302095864650935,0,normal,TN,178.27407836914062,147.5502166748047,62.85188674926758,153.86724853515625
data/raw/ok_front/cast_ok_0_8440.jpeg,normal,0,1211,test,0.014880576440301501,0,normal,TN,151.43972778320312,143.94564819335938,64.39263153076172,241.42071533203125
data/raw/ok_front/cast_ok_0_8460.jpeg,normal,0,826,test,0.009732011286930527,0,normal,TN,198.73641967773438,142.97816467285156,59.848533630371094,60.185482025146484
data/raw/ok_front/cast_ok_0_8511.jpeg,normal,0,1217,test,0.014804370059933162,0,normal,TN,190.8654022216797,146.73870849609375,62.860694885253906,64.3564224243164
data/raw/ok_front/cast_ok_0_8616.jpeg,normal,0,1196,test,0.011661328262989663,0,normal,TN,218.1935272216797,166.21685791015625,60.570716857910156,92.34384155273438
data/raw/ok_front/cast_ok_0_8646.jpeg,normal,0,1196,test,0.010450799902484981,0,normal,TN,221.79727172851562,166.5621795654297,60.14361572265625,102.06272888183594
data/raw/ok_front/cast_ok_0_8691.jpeg,normal,0,1227,test,0.021851364331978956,0,normal,TN,209.02938842773438,154.97506713867188,65.74629211425781,181.84707641601562
data/raw/ok_front/cast_ok_0_872.jpeg,normal,0,1228,test,0.017575994018104626,0,normal,TN,197.49856567382812,134.18621826171875,61.9781494140625,40.83220672607422
data/raw/ok_front/cast_ok_0_8723.jpeg,normal,0,1075,test,0.010598050528974537,0,normal,TN,219.6038818359375,144.45907592773438,67.85894775390625,190.89605712890625
data/raw/ok_front/cast_ok_0_8974.jpeg,normal,0,1048,test,0.006091931083465194,0,normal,TN,215.08511352539062,161.89109802246094,61.421051025390625,199.03594970703125
data/raw/ok_front/cast_ok_0_9136.jpeg,normal,0,1249,test,0.009543259250971178,0,normal,TN,232.9386749267578,162.2568359375,70.70133209228516,188.13816833496094
data/raw/ok_front/cast_ok_0_9173.jpeg,normal,0,1251,test,0.022120807117961466,0,normal,TN,179.0343475341797,146.66250610351562,63.44535827636719,53.622093200683594
data/raw/ok_front/cast_ok_0_9192.jpeg,normal,0,1196,test,0.011578162108967416,0,normal,TN,223.239013671875,169.59329223632812,59.935333251953125,93.66118621826172
data/raw/ok_front/cast_ok_0_9367.jpeg,normal,0,1270,test,0.007911485905670671,0,normal,TN,230.1685028076172,153.50384521484375,69.49923706054688,196.26583862304688
data/raw/ok_front/cast_ok_0_9411.jpeg,normal,0,1275,test,0.025688071788776468,0,normal,TN,190.83212280273438,152.115234375,59.9112663269043,51.982666015625
data/raw/ok_front/cast_ok_0_9658.jpeg,normal,0,1284,test,0.011002510747369543,0,normal,TN,209.1736297607422,148.68577575683594,61.52433776855469,156.9925079345703
data/raw/ok_front/cast_ok_0_9840.jpeg,normal,0,1294,test,0.028671009146643334,0,normal,TN,157.832763671875,148.19384765625,62.80867004394531,299.30548095703125
data/raw/ok_front/cast_ok_0_9850.jpeg,normal,0,1296,test,0.018067407029767595,0,normal,TN,183.4414825439453,149.6329345703125,60.74382019042969,122.973388671875
