path,class_name,label,group,split
data/raw/def_front/cast_def_0_0.jpeg,defective,1,0,val
data/raw/def_front/cast_def_0_100.jpeg,defective,1,1,train
data/raw/def_front/cast_def_0_1015.jpeg,defective,1,2,val
data/raw/def_front/cast_def_0_102.jpeg,defective,1,3,train
data/raw/def_front/cast_def_0_1046.jpeg,defective,1,4,train
data/raw/def_front/cast_def_0_1053.jpeg,defective,1,5,train
data/raw/def_front/cast_def_0_1055.jpeg,defective,1,6,train
data/raw/def_front/cast_def_0_1077.jpeg,defective,1,7,train
data/raw/def_front/cast_def_0_1087.jpeg,defective,1,8,train
data/raw/def_front/cast_def_0_1091.jpeg,defective,1,9,train
data/raw/def_front/cast_def_0_1104.jpeg,defective,1,10,test
data/raw/def_front/cast_def_0_1108.jpeg,defective,1,11,val
data/raw/def_front/cast_def_0_1112.jpeg,defective,1,12,train
data/raw/def_front/cast_def_0_1115.jpeg,defective,1,13,train
data/raw/def_front/cast_def_0_1123.jpeg,defective,1,14,val
data/raw/def_front/cast_def_0_1137.jpeg,defective,1,15,train
data/raw/def_front/cast_def_0_1139.jpeg,defective,1,16,test
data/raw/def_front/cast_def_0_114.jpeg,defective,1,17,train
data/raw/def_front/cast_def_0_1145.jpeg,defective,1,18,train
data/raw/def_front/cast_def_0_1147.jpeg,defective,1,19,test
data/raw/def_front/cast_def_0_1155.jpeg,defective,1,20,test
data/raw/def_front/cast_def_0_1157.jpeg,defective,1,21,val
data/raw/def_front/cast_def_0_1159.jpeg,defective,1,22,train
data/raw/def_front/cast_def_0_1187.jpeg,defective,1,23,test
data/raw/def_front/cast_def_0_1188.jpeg,defective,1,24,train
data/raw/def_front/cast_def_0_1192.jpeg,defective,1,25,val
data/raw/def_front/cast_def_0_122.jpeg,defective,1,26,train
data/raw/def_front/cast_def_0_1225.jpeg,defective,1,27,train
data/raw/def_front/cast_def_0_1226.jpeg,defective,1,28,train
data/raw/def_front/cast_def_0_1230.jpeg,defective,1,29,val
data/raw/def_front/cast_def_0_1257.jpeg,defective,1,30,test
data/raw/def_front/cast_def_0_1261.jpeg,defective,1,31,train
data/raw/def_front/cast_def_0_127.jpeg,defective,1,32,train
data/raw/def_front/cast_def_0_1283.jpeg,defective,1,33,train
data/raw/def_front/cast_def_0_1286.jpeg,defective,1,34,train
data/raw/def_front/cast_def_0_1350.jpeg,defective,1,35,train
data/raw/def_front/cast_def_0_1359.jpeg,defective,1,36,test
data/raw/def_front/cast_def_0_138.jpeg,defective,1,37,train
data/raw/def_front/cast_def_0_1381.jpeg,defective,1,38,train
data/raw/def_front/cast_def_0_1411.jpeg,defective,1,39,train
data/raw/def_front/cast_def_0_1427.jpeg,defective,1,40,train
data/raw/def_front/cast_def_0_1432.jpeg,defective,1,41,test
data/raw/def_front/cast_def_0_1443.jpeg,defective,1,42,train
data/raw/def_front/cast_def_0_1446.jpeg,defective,1,43,test
data/raw/def_front/cast_def_0_146.jpeg,defective,1,44,train
data/raw/def_front/cast_def_0_1493.jpeg,defective,1,45,test
data/raw/def_front/cast_def_0_1495.jpeg,defective,1,46,train
data/raw/def_front/cast_def_0_150.jpeg,defective,1,47,val
data/raw/def_front/cast_def_0_1532.jpeg,defective,1,48,train
data/raw/def_front/cast_def_0_1533.jpeg,defective,1,49,train
data/raw/def_front/cast_def_0_1534.jpeg,defective,1,50,train
data/raw/def_front/cast_def_0_1547.jpeg,defective,1,51,val
data/raw/def_front/cast_def_0_1567.jpeg,defective,1,52,train
data/raw/def_front/cast_def_0_1589.jpeg,defective,1,53,train
data/raw/def_front/cast_def_0_159.jpeg,defective,1,54,train
data/raw/def_front/cast_def_0_1596.jpeg,defective,1,55,train
data/raw/def_front/cast_def_0_1609.jpeg,defective,1,56,train
data/raw/def_front/cast_def_0_1616.jpeg,defective,1,57,test
data/raw/def_front/cast_def_0_1658.jpeg,defective,1,58,train
data/raw/def_front/cast_def_0_1662.jpeg,defective,1,59,train
data/raw/def_front/cast_def_0_1679.jpeg,defective,1,60,test
data/raw/def_front/cast_def_0_1689.jpeg,defective,1,61,val
data/raw/def_front/cast_def_0_169.jpeg,defective,1,62,train
data/raw/def_front/cast_def_0_1694.jpeg,defective,1,63,train
data/raw/def_front/cast_def_0_1705.jpeg,defective,1,64,train
data/raw/def_front/cast_def_0_1715.jpeg,defective,1,65,val
data/raw/def_front/cast_def_0_1721.jpeg,defective,1,66,val
data/raw/def_front/cast_def_0_1729.jpeg,defective,1,67,test
data/raw/def_front/cast_def_0_1750.jpeg,defective,1,68,val
data/raw/def_front/cast_def_0_177.jpeg,defective,1,69,test
data/raw/def_front/cast_def_0_1772.jpeg,defective,1,70,train
data/raw/def_front/cast_def_0_1777.jpeg,defective,1,71,train
data/raw/def_front/cast_def_0_1794.jpeg,defective,1,72,train
data/raw/def_front/cast_def_0_180.jpeg,defective,1,73,train
data/raw/def_front/cast_def_0_1800.jpeg,defective,1,74,train
data/raw/def_front/cast_def_0_1815.jpeg,defective,1,75,train
data/raw/def_front/cast_def_0_1817.jpeg,defective,1,76,train
data/raw/def_front/cast_def_0_1828.jpeg,defective,1,77,test
data/raw/def_front/cast_def_0_1831.jpeg,defective,1,78,train
data/raw/def_front/cast_def_0_1849.jpeg,defective,1,79,train
data/raw/def_front/cast_def_0_1860.jpeg,defective,1,80,test
data/raw/def_front/cast_def_0_1877.jpeg,defective,1,81,train
data/raw/def_front/cast_def_0_188.jpeg,defective,1,82,train
data/raw/def_front/cast_def_0_1885.jpeg,defective,1,83,test
data/raw/def_front/cast_def_0_1898.jpeg,defective,1,84,test
data/raw/def_front/cast_def_0_1949.jpeg,defective,1,85,train
data/raw/def_front/cast_def_0_1958.jpeg,defective,1,86,train
data/raw/def_front/cast_def_0_1969.jpeg,defective,1,87,train
data/raw/def_front/cast_def_0_1998.jpeg,defective,1,88,train
data/raw/def_front/cast_def_0_2.jpeg,defective,1,89,train
data/raw/def_front/cast_def_0_2003.jpeg,defective,1,90,train
data/raw/def_front/cast_def_0_2014.jpeg,defective,1,91,train
data/raw/def_front/cast_def_0_2020.jpeg,defective,1,92,train
data/raw/def_front/cast_def_0_2022.jpeg,defective,1,93,train
data/raw/def_front/cast_def_0_2057.jpeg,defective,1,94,train
data/raw/def_front/cast_def_0_2060.jpeg,defective,1,95,train
data/raw/def_front/cast_def_0_2084.jpeg,defective,1,96,train
data/raw/def_front/cast_def_0_2090.jpeg,defective,1,97,train
data/raw/def_front/cast_def_0_2096.jpeg,defective,1,98,train
data/raw/def_front/cast_def_0_2102.jpeg,defective,1,99,train
data/raw/def_front/cast_def_0_2141.jpeg,defective,1,100,test
data/raw/def_front/cast_def_0_2148.jpeg,defective,1,101,train
data/raw/def_front/cast_def_0_2161.jpeg,defective,1,102,train
data/raw/def_front/cast_def_0_219.jpeg,defective,1,103,val
data/raw/def_front/cast_def_0_22.jpeg,defective,1,104,train
data/raw/def_front/cast_def_0_2201.jpeg,defective,1,105,train
data/raw/def_front/cast_def_0_221.jpeg,defective,1,106,train
data/raw/def_front/cast_def_0_2220.jpeg,defective,1,107,train
data/raw/def_front/cast_def_0_223.jpeg,defective,1,108,train
data/raw/def_front/cast_def_0_2234.jpeg,defective,1,109,test
data/raw/def_front/cast_def_0_2251.jpeg,defective,1,110,val
data/raw/def_front/cast_def_0_2259.jpeg,defective,1,111,test
data/raw/def_front/cast_def_0_2263.jpeg,defective,1,112,train
data/raw/def_front/cast_def_0_2280.jpeg,defective,1,113,train
data/raw/def_front/cast_def_0_2284.jpeg,defective,1,114,train
data/raw/def_front/cast_def_0_2299.jpeg,defective,1,115,train
data/raw/def_front/cast_def_0_2304.jpeg,defective,1,116,test
data/raw/def_front/cast_def_0_2305.jpeg,defective,1,117,train
data/raw/def_front/cast_def_0_231.jpeg,defective,1,118,train
data/raw/def_front/cast_def_0_2310.jpeg,defective,1,119,train
data/raw/def_front/cast_def_0_2320.jpeg,defective,1,120,train
data/raw/def_front/cast_def_0_2330.jpeg,defective,1,121,train
data/raw/def_front/cast_def_0_2358.jpeg,defective,1,122,test
data/raw/def_front/cast_def_0_238.jpeg,defective,1,94,train
data/raw/def_front/cast_def_0_2388.jpeg,defective,1,124,test
data/raw/def_front/cast_def_0_240.jpeg,defective,1,125,train
data/raw/def_front/cast_def_0_2422.jpeg,defective,1,126,train
data/raw/def_front/cast_def_0_2426.jpeg,defective,1,127,train
data/raw/def_front/cast_def_0_2437.jpeg,defective,1,128,test
data/raw/def_front/cast_def_0_2450.jpeg,defective,1,129,val
data/raw/def_front/cast_def_0_2474.jpeg,defective,1,130,test
data/raw/def_front/cast_def_0_2480.jpeg,defective,1,131,test
data/raw/def_front/cast_def_0_2483.jpeg,defective,1,132,val
data/raw/def_front/cast_def_0_2485.jpeg,defective,1,133,train
data/raw/def_front/cast_def_0_25.jpeg,defective,1,134,val
data/raw/def_front/cast_def_0_2515.jpeg,defective,1,135,test
data/raw/def_front/cast_def_0_255.jpeg,defective,1,136,test
data/raw/def_front/cast_def_0_2576.jpeg,defective,1,137,train
data/raw/def_front/cast_def_0_2582.jpeg,defective,1,138,train
data/raw/def_front/cast_def_0_2592.jpeg,defective,1,139,train
data/raw/def_front/cast_def_0_2614.jpeg,defective,1,140,train
data/raw/def_front/cast_def_0_2624.jpeg,defective,1,141,train
data/raw/def_front/cast_def_0_2639.jpeg,defective,1,142,train
data/raw/def_front/cast_def_0_2640.jpeg,defective,1,143,val
data/raw/def_front/cast_def_0_2649.jpeg,defective,1,144,val
data/raw/def_front/cast_def_0_2654.jpeg,defective,1,145,train
data/raw/def_front/cast_def_0_2663.jpeg,defective,1,146,test
data/raw/def_front/cast_def_0_2683.jpeg,defective,1,147,test
data/raw/def_front/cast_def_0_2690.jpeg,defective,1,148,train
data/raw/def_front/cast_def_0_2691.jpeg,defective,1,149,train
data/raw/def_front/cast_def_0_2700.jpeg,defective,1,150,train
data/raw/def_front/cast_def_0_2701.jpeg,defective,1,151,val
data/raw/def_front/cast_def_0_2708.jpeg,defective,1,152,train
data/raw/def_front/cast_def_0_2733.jpeg,defective,1,153,test
data/raw/def_front/cast_def_0_2745.jpeg,defective,1,154,train
data/raw/def_front/cast_def_0_2753.jpeg,defective,1,155,train
data/raw/def_front/cast_def_0_2798.jpeg,defective,1,156,train
data/raw/def_front/cast_def_0_2808.jpeg,defective,1,157,val
data/raw/def_front/cast_def_0_2820.jpeg,defective,1,158,test
data/raw/def_front/cast_def_0_2832.jpeg,defective,1,159,val
data/raw/def_front/cast_def_0_2834.jpeg,defective,1,160,train
data/raw/def_front/cast_def_0_2837.jpeg,defective,1,161,train
data/raw/def_front/cast_def_0_2855.jpeg,defective,1,162,train
data/raw/def_front/cast_def_0_2887.jpeg,defective,1,163,val
data/raw/def_front/cast_def_0_2892.jpeg,defective,1,164,train
data/raw/def_front/cast_def_0_2900.jpeg,defective,1,165,train
data/raw/def_front/cast_def_0_2917.jpeg,defective,1,166,val
data/raw/def_front/cast_def_0_2937.jpeg,defective,1,167,train
data/raw/def_front/cast_def_0_2950.jpeg,defective,1,168,test
data/raw/def_front/cast_def_0_2966.jpeg,defective,1,169,train
data/raw/def_front/cast_def_0_2973.jpeg,defective,1,170,train
data/raw/def_front/cast_def_0_2994.jpeg,defective,1,171,train
data/raw/def_front/cast_def_0_3010.jpeg,defective,1,172,val
data/raw/def_front/cast_def_0_3016.jpeg,defective,1,173,train
data/raw/def_front/cast_def_0_3050.jpeg,defective,1,174,test
data/raw/def_front/cast_def_0_3056.jpeg,defective,1,175,train
data/raw/def_front/cast_def_0_3070.jpeg,defective,1,176,train
data/raw/def_front/cast_def_0_3074.jpeg,defective,1,177,train
data/raw/def_front/cast_def_0_3098.jpeg,defective,1,178,train
data/raw/def_front/cast_def_0_3104.jpeg,defective,1,179,train
data/raw/def_front/cast_def_0_3105.jpeg,defective,1,180,test
data/raw/def_front/cast_def_0_311.jpeg,defective,1,181,val
data/raw/def_front/cast_def_0_3114.jpeg,defective,1,182,test
data/raw/def_front/cast_def_0_3136.jpeg,defective,1,183,train
data/raw/def_front/cast_def_0_3148.jpeg,defective,1,184,train
data/raw/def_front/cast_def_0_3179.jpeg,defective,1,185,val
data/raw/def_front/cast_def_0_318.jpeg,defective,1,186,val
data/raw/def_front/cast_def_0_3185.jpeg,defective,1,187,train
data/raw/def_front/cast_def_0_3199.jpeg,defective,1,188,val
data/raw/def_front/cast_def_0_3220.jpeg,defective,1,189,train
data/raw/def_front/cast_def_0_3223.jpeg,defective,1,190,val
data/raw/def_front/cast_def_0_324.jpeg,defective,1,191,val
data/raw/def_front/cast_def_0_3246.jpeg,defective,1,192,train
data/raw/def_front/cast_def_0_3252.jpeg,defective,1,193,train
data/raw/def_front/cast_def_0_3265.jpeg,defective,1,194,train
data/raw/def_front/cast_def_0_3279.jpeg,defective,1,195,train
data/raw/def_front/cast_def_0_3285.jpeg,defective,1,196,train
data/raw/def_front/cast_def_0_33.jpeg,defective,1,197,train
data/raw/def_front/cast_def_0_3311.jpeg,defective,1,198,train
data/raw/def_front/cast_def_0_333.jpeg,defective,1,199,val
data/raw/def_front/cast_def_0_3334.jpeg,defective,1,200,train
data/raw/def_front/cast_def_0_3341.jpeg,defective,1,201,val
data/raw/def_front/cast_def_0_3344.jpeg,defective,1,202,train
data/raw/def_front/cast_def_0_335.jpeg,defective,1,203,train
data/raw/def_front/cast_def_0_3354.jpeg,defective,1,204,val
data/raw/def_front/cast_def_0_3362.jpeg,defective,1,205,train
data/raw/def_front/cast_def_0_337.jpeg,defective,1,206,train
data/raw/def_front/cast_def_0_3394.jpeg,defective,1,207,train
data/raw/def_front/cast_def_0_3396.jpeg,defective,1,208,train
data/raw/def_front/cast_def_0_3403.jpeg,defective,1,209,train
data/raw/def_front/cast_def_0_3431.jpeg,defective,1,210,train
data/raw/def_front/cast_def_0_3434.jpeg,defective,1,211,train
data/raw/def_front/cast_def_0_3454.jpeg,defective,1,212,train
data/raw/def_front/cast_def_0_3457.jpeg,defective,1,213,train
data/raw/def_front/cast_def_0_3460.jpeg,defective,1,214,test
data/raw/def_front/cast_def_0_3480.jpeg,defective,1,215,train
data/raw/def_front/cast_def_0_3487.jpeg,defective,1,216,train
data/raw/def_front/cast_def_0_3495.jpeg,defective,1,217,train
data/raw/def_front/cast_def_0_3513.jpeg,defective,1,218,train
data/raw/def_front/cast_def_0_3536.jpeg,defective,1,219,train
data/raw/def_front/cast_def_0_354.jpeg,defective,1,220,train
data/raw/def_front/cast_def_0_356.jpeg,defective,1,221,val
data/raw/def_front/cast_def_0_3565.jpeg,defective,1,222,train
data/raw/def_front/cast_def_0_3569.jpeg,defective,1,196,train
data/raw/def_front/cast_def_0_360.jpeg,defective,1,224,val
data/raw/def_front/cast_def_0_361.jpeg,defective,1,225,test
data/raw/def_front/cast_def_0_3617.jpeg,defective,1,226,train
data/raw/def_front/cast_def_0_3618.jpeg,defective,1,227,train
data/raw/def_front/cast_def_0_3626.jpeg,defective,1,228,train
data/raw/def_front/cast_def_0_3631.jpeg,defective,1,229,train
data/raw/def_front/cast_def_0_3646.jpeg,defective,1,230,train
data/raw/def_front/cast_def_0_3680.jpeg,defective,1,231,train
data/raw/def_front/cast_def_0_3685.jpeg,defective,1,232,train
data/raw/def_front/cast_def_0_369.jpeg,defective,1,233,test
data/raw/def_front/cast_def_0_3691.jpeg,defective,1,234,val
data/raw/def_front/cast_def_0_3703.jpeg,defective,1,235,val
data/raw/def_front/cast_def_0_3704.jpeg,defective,1,236,train
data/raw/def_front/cast_def_0_3710.jpeg,defective,1,237,train
data/raw/def_front/cast_def_0_3735.jpeg,defective,1,238,test
data/raw/def_front/cast_def_0_3741.jpeg,defective,1,239,val
data/raw/def_front/cast_def_0_3751.jpeg,defective,1,240,test
data/raw/def_front/cast_def_0_3756.jpeg,defective,1,241,train
data/raw/def_front/cast_def_0_3793.jpeg,defective,1,242,train
data/raw/def_front/cast_def_0_3796.jpeg,defective,1,243,val
data/raw/def_front/cast_def_0_3797.jpeg,defective,1,244,test
data/raw/def_front/cast_def_0_380.jpeg,defective,1,245,train
data/raw/def_front/cast_def_0_3812.jpeg,defective,1,246,train
data/raw/def_front/cast_def_0_3818.jpeg,defective,1,247,train
data/raw/def_front/cast_def_0_383.jpeg,defective,1,248,test
data/raw/def_front/cast_def_0_3831.jpeg,defective,1,249,test
data/raw/def_front/cast_def_0_3855.jpeg,defective,1,250,val
data/raw/def_front/cast_def_0_3856.jpeg,defective,1,251,train
data/raw/def_front/cast_def_0_3867.jpeg,defective,1,252,train
data/raw/def_front/cast_def_0_3869.jpeg,defective,1,253,train
data/raw/def_front/cast_def_0_3882.jpeg,defective,1,254,train
data/raw/def_front/cast_def_0_3894.jpeg,defective,1,255,train
data/raw/def_front/cast_def_0_3916.jpeg,defective,1,256,train
data/raw/def_front/cast_def_0_3945.jpeg,defective,1,257,train
data/raw/def_front/cast_def_0_3949.jpeg,defective,1,258,train
data/raw/def_front/cast_def_0_3963.jpeg,defective,1,259,train
data/raw/def_front/cast_def_0_3970.jpeg,defective,1,260,train
data/raw/def_front/cast_def_0_3978.jpeg,defective,1,261,train
data/raw/def_front/cast_def_0_3989.jpeg,defective,1,262,train
data/raw/def_front/cast_def_0_3992.jpeg,defective,1,263,test
data/raw/def_front/cast_def_0_3993.jpeg,defective,1,264,train
data/raw/def_front/cast_def_0_4017.jpeg,defective,1,265,train
data/raw/def_front/cast_def_0_4023.jpeg,defective,1,266,train
data/raw/def_front/cast_def_0_4026.jpeg,defective,1,267,train
data/raw/def_front/cast_def_0_4030.jpeg,defective,1,268,train
data/raw/def_front/cast_def_0_4032.jpeg,defective,1,269,train
data/raw/def_front/cast_def_0_4034.jpeg,defective,1,270,train
data/raw/def_front/cast_def_0_4090.jpeg,defective,1,271,train
data/raw/def_front/cast_def_0_4093.jpeg,defective,1,272,train
data/raw/def_front/cast_def_0_4106.jpeg,defective,1,273,train
data/raw/def_front/cast_def_0_4108.jpeg,defective,1,274,train
data/raw/def_front/cast_def_0_4109.jpeg,defective,1,275,train
data/raw/def_front/cast_def_0_4119.jpeg,defective,1,276,train
data/raw/def_front/cast_def_0_4125.jpeg,defective,1,277,train
data/raw/def_front/cast_def_0_4129.jpeg,defective,1,278,train
data/raw/def_front/cast_def_0_4158.jpeg,defective,1,279,train
data/raw/def_front/cast_def_0_4171.jpeg,defective,1,280,train
data/raw/def_front/cast_def_0_42.jpeg,defective,1,281,train
data/raw/def_front/cast_def_0_421.jpeg,defective,1,282,val
data/raw/def_front/cast_def_0_4228.jpeg,defective,1,283,test
data/raw/def_front/cast_def_0_4229.jpeg,defective,1,284,train
data/raw/def_front/cast_def_0_4239.jpeg,defective,1,285,test
data/raw/def_front/cast_def_0_4264.jpeg,defective,1,286,train
data/raw/def_front/cast_def_0_430.jpeg,defective,1,287,train
data/raw/def_front/cast_def_0_4336.jpeg,defective,1,288,train
data/raw/def_front/cast_def_0_4355.jpeg,defective,1,289,train
data/raw/def_front/cast_def_0_4360.jpeg,defective,1,290,train
data/raw/def_front/cast_def_0_4363.jpeg,defective,1,291,train
data/raw/def_front/cast_def_0_4379.jpeg,defective,1,292,train
data/raw/def_front/cast_def_0_4394.jpeg,defective,1,293,train
data/raw/def_front/cast_def_0_4407.jpeg,defective,1,294,train
data/raw/def_front/cast_def_0_4412.jpeg,defective,1,295,train
data/raw/def_front/cast_def_0_4453.jpeg,defective,1,296,train
data/raw/def_front/cast_def_0_4459.jpeg,defective,1,297,train
data/raw/def_front/cast_def_0_4484.jpeg,defective,1,298,train
data/raw/def_front/cast_def_0_4501.jpeg,defective,1,299,train
data/raw/def_front/cast_def_0_4526.jpeg,defective,1,300,train
data/raw/def_front/cast_def_0_4568.jpeg,defective,1,301,train
data/raw/def_front/cast_def_0_4574.jpeg,defective,1,302,train
data/raw/def_front/cast_def_0_4577.jpeg,defective,1,303,val
data/raw/def_front/cast_def_0_4583.jpeg,defective,1,304,train
data/raw/def_front/cast_def_0_4590.jpeg,defective,1,305,train
data/raw/def_front/cast_def_0_4596.jpeg,defective,1,306,test
data/raw/def_front/cast_def_0_4604.jpeg,defective,1,307,train
data/raw/def_front/cast_def_0_4611.jpeg,defective,1,28,train
data/raw/def_front/cast_def_0_4615.jpeg,defective,1,309,test
data/raw/def_front/cast_def_0_4651.jpeg,defective,1,310,train
data/raw/def_front/cast_def_0_4653.jpeg,defective,1,311,val
data/raw/def_front/cast_def_0_466.jpeg,defective,1,312,test
data/raw/def_front/cast_def_0_4671.jpeg,defective,1,313,train
data/raw/def_front/cast_def_0_4677.jpeg,defective,1,314,test
data/raw/def_front/cast_def_0_4683.jpeg,defective,1,315,train
data/raw/def_front/cast_def_0_469.jpeg,defective,1,316,val
data/raw/def_front/cast_def_0_4693.jpeg,defective,1,317,val
data/raw/def_front/cast_def_0_4697.jpeg,defective,1,318,train
data/raw/def_front/cast_def_0_4705.jpeg,defective,1,319,train
data/raw/def_front/cast_def_0_4708.jpeg,defective,1,320,train
data/raw/def_front/cast_def_0_4748.jpeg,defective,1,321,train
data/raw/def_front/cast_def_0_4780.jpeg,defective,1,322,train
data/raw/def_front/cast_def_0_4787.jpeg,defective,1,323,train
data/raw/def_front/cast_def_0_4790.jpeg,defective,1,324,train
data/raw/def_front/cast_def_0_4801.jpeg,defective,1,325,train
data/raw/def_front/cast_def_0_4815.jpeg,defective,1,326,train
data/raw/def_front/cast_def_0_4816.jpeg,defective,1,327,train
data/raw/def_front/cast_def_0_4865.jpeg,defective,1,328,train
data/raw/def_front/cast_def_0_490.jpeg,defective,1,329,train
data/raw/def_front/cast_def_0_4903.jpeg,defective,1,330,train
data/raw/def_front/cast_def_0_4904.jpeg,defective,1,331,train
data/raw/def_front/cast_def_0_4908.jpeg,defective,1,332,train
data/raw/def_front/cast_def_0_4927.jpeg,defective,1,333,train
data/raw/def_front/cast_def_0_4932.jpeg,defective,1,334,val
data/raw/def_front/cast_def_0_4933.jpeg,defective,1,335,train
data/raw/def_front/cast_def_0_494.jpeg,defective,1,336,val
data/raw/def_front/cast_def_0_4970.jpeg,defective,1,337,train
data/raw/def_front/cast_def_0_4971.jpeg,defective,1,338,val
data/raw/def_front/cast_def_0_4995.jpeg,defective,1,339,train
data/raw/def_front/cast_def_0_5001.jpeg,defective,1,340,test
data/raw/def_front/cast_def_0_5004.jpeg,defective,1,341,test
data/raw/def_front/cast_def_0_5006.jpeg,defective,1,342,test
data/raw/def_front/cast_def_0_5008.jpeg,defective,1,343,val
data/raw/def_front/cast_def_0_5014.jpeg,defective,1,344,train
data/raw/def_front/cast_def_0_5029.jpeg,defective,1,345,train
data/raw/def_front/cast_def_0_503.jpeg,defective,1,346,test
data/raw/def_front/cast_def_0_5034.jpeg,defective,1,347,train
data/raw/def_front/cast_def_0_5061.jpeg,defective,1,348,test
data/raw/def_front/cast_def_0_5093.jpeg,defective,1,349,train
data/raw/def_front/cast_def_0_5094.jpeg,defective,1,350,train
data/raw/def_front/cast_def_0_5113.jpeg,defective,1,351,val
data/raw/def_front/cast_def_0_5119.jpeg,defective,1,352,train
data/raw/def_front/cast_def_0_5128.jpeg,defective,1,353,train
data/raw/def_front/cast_def_0_514.jpeg,defective,1,354,train
data/raw/def_front/cast_def_0_5142.jpeg,defective,1,355,train
data/raw/def_front/cast_def_0_5146.jpeg,defective,1,356,train
data/raw/def_front/cast_def_0_5147.jpeg,defective,1,357,val
data/raw/def_front/cast_def_0_5167.jpeg,defective,1,358,train
data/raw/def_front/cast_def_0_5185.jpeg,defective,1,359,test
data/raw/def_front/cast_def_0_5187.jpeg,defective,1,360,test
data/raw/def_front/cast_def_0_5190.jpeg,defective,1,361,train
data/raw/def_front/cast_def_0_5205.jpeg,defective,1,362,train
data/raw/def_front/cast_def_0_5214.jpeg,defective,1,363,train
data/raw/def_front/cast_def_0_5218.jpeg,defective,1,364,test
data/raw/def_front/cast_def_0_5221.jpeg,defective,1,365,val
data/raw/def_front/cast_def_0_5224.jpeg,defective,1,366,train
data/raw/def_front/cast_def_0_5239.jpeg,defective,1,367,train
data/raw/def_front/cast_def_0_5240.jpeg,defective,1,368,train
data/raw/def_front/cast_def_0_5241.jpeg,defective,1,369,train
data/raw/def_front/cast_def_0_5244.jpeg,defective,1,370,train
data/raw/def_front/cast_def_0_5267.jpeg,defective,1,371,train
data/raw/def_front/cast_def_0_5273.jpeg,defective,1,372,train
data/raw/def_front/cast_def_0_5302.jpeg,defective,1,373,train
data/raw/def_front/cast_def_0_5311.jpeg,defective,1,374,train
data/raw/def_front/cast_def_0_5317.jpeg,defective,1,375,val
data/raw/def_front/cast_def_0_5322.jpeg,defective,1,376,train
data/raw/def_front/cast_def_0_5332.jpeg,defective,1,377,val
data/raw/def_front/cast_def_0_5334.jpeg,defective,1,378,train
data/raw/def_front/cast_def_0_5336.jpeg,defective,1,379,train
data/raw/def_front/cast_def_0_5339.jpeg,defective,1,380,train
data/raw/def_front/cast_def_0_5360.jpeg,defective,1,381,val
data/raw/def_front/cast_def_0_5362.jpeg,defective,1,382,train
data/raw/def_front/cast_def_0_5363.jpeg,defective,1,383,val
data/raw/def_front/cast_def_0_5369.jpeg,defective,1,384,train
data/raw/def_front/cast_def_0_5374.jpeg,defective,1,385,train
data/raw/def_front/cast_def_0_5421.jpeg,defective,1,386,train
data/raw/def_front/cast_def_0_543.jpeg,defective,1,387,train
data/raw/def_front/cast_def_0_5430.jpeg,defective,1,388,train
data/raw/def_front/cast_def_0_5435.jpeg,defective,1,389,train
data/raw/def_front/cast_def_0_5470.jpeg,defective,1,390,train
data/raw/def_front/cast_def_0_5480.jpeg,defective,1,391,test
data/raw/def_front/cast_def_0_5524.jpeg,defective,1,392,test
data/raw/def_front/cast_def_0_5530.jpeg,defective,1,393,train
data/raw/def_front/cast_def_0_5532.jpeg,defective,1,394,val
data/raw/def_front/cast_def_0_5545.jpeg,defective,1,395,train
data/raw/def_front/cast_def_0_556.jpeg,defective,1,396,train
data/raw/def_front/cast_def_0_5569.jpeg,defective,1,397,train
data/raw/def_front/cast_def_0_5571.jpeg,defective,1,398,val
data/raw/def_front/cast_def_0_5572.jpeg,defective,1,399,test
data/raw/def_front/cast_def_0_5573.jpeg,defective,1,400,train
data/raw/def_front/cast_def_0_5628.jpeg,defective,1,401,train
data/raw/def_front/cast_def_0_5640.jpeg,defective,1,402,train
data/raw/def_front/cast_def_0_565.jpeg,defective,1,403,train
data/raw/def_front/cast_def_0_566.jpeg,defective,1,404,train
data/raw/def_front/cast_def_0_5696.jpeg,defective,1,405,train
data/raw/def_front/cast_def_0_5700.jpeg,defective,1,406,train
data/raw/def_front/cast_def_0_5707.jpeg,defective,1,407,train
data/raw/def_front/cast_def_0_571.jpeg,defective,1,408,train
data/raw/def_front/cast_def_0_5712.jpeg,defective,1,409,val
data/raw/def_front/cast_def_0_572.jpeg,defective,1,410,train
data/raw/def_front/cast_def_0_5759.jpeg,defective,1,411,train
data/raw/def_front/cast_def_0_5767.jpeg,defective,1,412,train
data/raw/def_front/cast_def_0_5768.jpeg,defective,1,413,train
data/raw/def_front/cast_def_0_5805.jpeg,defective,1,414,test
data/raw/def_front/cast_def_0_5809.jpeg,defective,1,415,train
data/raw/def_front/cast_def_0_583.jpeg,defective,1,416,train
data/raw/def_front/cast_def_0_5838.jpeg,defective,1,417,val
data/raw/def_front/cast_def_0_5842.jpeg,defective,1,418,train
data/raw/def_front/cast_def_0_5851.jpeg,defective,1,419,val
data/raw/def_front/cast_def_0_5863.jpeg,defective,1,420,train
data/raw/def_front/cast_def_0_5867.jpeg,defective,1,421,train
data/raw/def_front/cast_def_0_588.jpeg,defective,1,422,train
data/raw/def_front/cast_def_0_5892.jpeg,defective,1,423,train
data/raw/def_front/cast_def_0_5919.jpeg,defective,1,424,train
data/raw/def_front/cast_def_0_5932.jpeg,defective,1,425,train
data/raw/def_front/cast_def_0_5933.jpeg,defective,1,426,train
data/raw/def_front/cast_def_0_5954.jpeg,defective,1,427,train
data/raw/def_front/cast_def_0_5971.jpeg,defective,1,428,train
data/raw/def_front/cast_def_0_5978.jpeg,defective,1,429,train
data/raw/def_front/cast_def_0_5992.jpeg,defective,1,430,train
data/raw/def_front/cast_def_0_6010.jpeg,defective,1,431,train
data/raw/def_front/cast_def_0_6011.jpeg,defective,1,432,val
data/raw/def_front/cast_def_0_602.jpeg,defective,1,433,val
data/raw/def_front/cast_def_0_6023.jpeg,defective,1,434,train
data/raw/def_front/cast_def_0_6035.jpeg,defective,1,435,test
data/raw/def_front/cast_def_0_604.jpeg,defective,1,436,test
data/raw/def_front/cast_def_0_6044.jpeg,defective,1,437,test
data/raw/def_front/cast_def_0_6062.jpeg,defective,1,438,train
data/raw/def_front/cast_def_0_608.jpeg,defective,1,439,train
data/raw/def_front/cast_def_0_6112.jpeg,defective,1,440,test
data/raw/def_front/cast_def_0_6123.jpeg,defective,1,441,train
data/raw/def_front/cast_def_0_6154.jpeg,defective,1,442,train
data/raw/def_front/cast_def_0_6173.jpeg,defective,1,443,train
data/raw/def_front/cast_def_0_6184.jpeg,defective,1,444,train
data/raw/def_front/cast_def_0_619.jpeg,defective,1,445,test
data/raw/def_front/cast_def_0_6193.jpeg,defective,1,446,train
data/raw/def_front/cast_def_0_6232.jpeg,defective,1,447,test
data/raw/def_front/cast_def_0_6236.jpeg,defective,1,448,train
data/raw/def_front/cast_def_0_6239.jpeg,defective,1,449,train
data/raw/def_front/cast_def_0_624.jpeg,defective,1,450,train
data/raw/def_front/cast_def_0_6244.jpeg,defective,1,451,val
data/raw/def_front/cast_def_0_6247.jpeg,defective,1,452,train
data/raw/def_front/cast_def_0_6259.jpeg,defective,1,453,train
data/raw/def_front/cast_def_0_6272.jpeg,defective,1,454,test
data/raw/def_front/cast_def_0_6296.jpeg,defective,1,455,train
data/raw/def_front/cast_def_0_6298.jpeg,defective,1,456,val
data/raw/def_front/cast_def_0_6322.jpeg,defective,1,457,train
data/raw/def_front/cast_def_0_6369.jpeg,defective,1,458,test
data/raw/def_front/cast_def_0_637.jpeg,defective,1,459,train
data/raw/def_front/cast_def_0_6406.jpeg,defective,1,460,test
data/raw/def_front/cast_def_0_6417.jpeg,defective,1,461,test
data/raw/def_front/cast_def_0_6422.jpeg,defective,1,462,train
data/raw/def_front/cast_def_0_6454.jpeg,defective,1,463,train
data/raw/def_front/cast_def_0_6476.jpeg,defective,1,464,train
data/raw/def_front/cast_def_0_6483.jpeg,defective,1,465,train
data/raw/def_front/cast_def_0_649.jpeg,defective,1,466,train
data/raw/def_front/cast_def_0_6519.jpeg,defective,1,467,train
data/raw/def_front/cast_def_0_6526.jpeg,defective,1,468,train
data/raw/def_front/cast_def_0_6531.jpeg,defective,1,469,train
data/raw/def_front/cast_def_0_6536.jpeg,defective,1,470,test
data/raw/def_front/cast_def_0_6538.jpeg,defective,1,471,train
data/raw/def_front/cast_def_0_6563.jpeg,defective,1,472,train
data/raw/def_front/cast_def_0_6564.jpeg,defective,1,473,val
data/raw/def_front/cast_def_0_6582.jpeg,defective,1,474,train
data/raw/def_front/cast_def_0_6610.jpeg,defective,1,475,val
data/raw/def_front/cast_def_0_6641.jpeg,defective,1,476,test
data/raw/def_front/cast_def_0_6658.jpeg,defective,1,477,test
data/raw/def_front/cast_def_0_6662.jpeg,defective,1,478,val
data/raw/def_front/cast_def_0_6673.jpeg,defective,1,479,test
data/raw/def_front/cast_def_0_6687.jpeg,defective,1,480,train
data/raw/def_front/cast_def_0_6724.jpeg,defective,1,481,train
data/raw/def_front/cast_def_0_6738.jpeg,defective,1,482,train
data/raw/def_front/cast_def_0_6777.jpeg,defective,1,483,test
data/raw/def_front/cast_def_0_6797.jpeg,defective,1,484,train
data/raw/def_front/cast_def_0_6817.jpeg,defective,1,485,train
data/raw/def_front/cast_def_0_6836.jpeg,defective,1,230,train
data/raw/def_front/cast_def_0_6837.jpeg,defective,1,487,val
data/raw/def_front/cast_def_0_6853.jpeg,defective,1,488,val
data/raw/def_front/cast_def_0_6855.jpeg,defective,1,489,val
data/raw/def_front/cast_def_0_6860.jpeg,defective,1,490,train
data/raw/def_front/cast_def_0_6863.jpeg,defective,1,491,train
data/raw/def_front/cast_def_0_6867.jpeg,defective,1,492,train
data/raw/def_front/cast_def_0_6869.jpeg,defective,1,493,train
data/raw/def_front/cast_def_0_6874.jpeg,defective,1,494,val
data/raw/def_front/cast_def_0_688.jpeg,defective,1,495,train
data/raw/def_front/cast_def_0_6884.jpeg,defective,1,496,train
data/raw/def_front/cast_def_0_6887.jpeg,defective,1,497,val
data/raw/def_front/cast_def_0_6898.jpeg,defective,1,498,train
data/raw/def_front/cast_def_0_6929.jpeg,defective,1,499,test
data/raw/def_front/cast_def_0_6955.jpeg,defective,1,500,train
data/raw/def_front/cast_def_0_6959.jpeg,defective,1,501,train
data/raw/def_front/cast_def_0_6993.jpeg,defective,1,502,train
data/raw/def_front/cast_def_0_702.jpeg,defective,1,503,test
data/raw/def_front/cast_def_0_7039.jpeg,defective,1,504,val
data/raw/def_front/cast_def_0_7040.jpeg,defective,1,505,train
data/raw/def_front/cast_def_0_7051.jpeg,defective,1,506,train
data/raw/def_front/cast_def_0_7056.jpeg,defective,1,507,train
data/raw/def_front/cast_def_0_7074.jpeg,defective,1,508,train
data/raw/def_front/cast_def_0_7076.jpeg,defective,1,509,train
data/raw/def_front/cast_def_0_7080.jpeg,defective,1,510,train
data/raw/def_front/cast_def_0_7086.jpeg,defective,1,511,train
data/raw/def_front/cast_def_0_7110.jpeg,defective,1,512,train
data/raw/def_front/cast_def_0_7113.jpeg,defective,1,513,train
data/raw/def_front/cast_def_0_7117.jpeg,defective,1,514,train
data/raw/def_front/cast_def_0_7126.jpeg,defective,1,515,val
data/raw/def_front/cast_def_0_7142.jpeg,defective,1,516,train
data/raw/def_front/cast_def_0_717.jpeg,defective,1,517,test
data/raw/def_front/cast_def_0_7172.jpeg,defective,1,518,train
data/raw/def_front/cast_def_0_7183.jpeg,defective,1,519,train
data/raw/def_front/cast_def_0_7198.jpeg,defective,1,520,train
data/raw/def_front/cast_def_0_7215.jpeg,defective,1,521,train
data/raw/def_front/cast_def_0_7216.jpeg,defective,1,522,train
data/raw/def_front/cast_def_0_7217.jpeg,defective,1,523,train
data/raw/def_front/cast_def_0_7230.jpeg,defective,1,524,train
data/raw/def_front/cast_def_0_7232.jpeg,defective,1,525,train
data/raw/def_front/cast_def_0_724.jpeg,defective,1,526,train
data/raw/def_front/cast_def_0_7248.jpeg,defective,1,527,train
data/raw/def_front/cast_def_0_7264.jpeg,defective,1,528,train
data/raw/def_front/cast_def_0_7275.jpeg,defective,1,529,train
data/raw/def_front/cast_def_0_7286.jpeg,defective,1,530,train
data/raw/def_front/cast_def_0_7295.jpeg,defective,1,531,train
data/raw/def_front/cast_def_0_7315.jpeg,defective,1,532,train
data/raw/def_front/cast_def_0_7324.jpeg,defective,1,533,train
data/raw/def_front/cast_def_0_7326.jpeg,defective,1,534,train
data/raw/def_front/cast_def_0_7336.jpeg,defective,1,535,train
data/raw/def_front/cast_def_0_7338.jpeg,defective,1,536,train
data/raw/def_front/cast_def_0_734.jpeg,defective,1,537,train
data/raw/def_front/cast_def_0_7360.jpeg,defective,1,538,train
data/raw/def_front/cast_def_0_737.jpeg,defective,1,539,test
data/raw/def_front/cast_def_0_7381.jpeg,defective,1,540,val
data/raw/def_front/cast_def_0_7384.jpeg,defective,1,541,val
data/raw/def_front/cast_def_0_7394.jpeg,defective,1,542,test
data/raw/def_front/cast_def_0_7396.jpeg,defective,1,543,train
data/raw/def_front/cast_def_0_7410.jpeg,defective,1,544,train
data/raw/def_front/cast_def_0_7420.jpeg,defective,1,545,train
data/raw/def_front/cast_def_0_7431.jpeg,defective,1,546,train
data/raw/def_front/cast_def_0_744.jpeg,defective,1,547,train
data/raw/def_front/cast_def_0_7446.jpeg,defective,1,548,test
data/raw/def_front/cast_def_0_7455.jpeg,defective,1,549,train
data/raw/def_front/cast_def_0_7462.jpeg,defective,1,550,train
data/raw/def_front/cast_def_0_7467.jpeg,defective,1,551,test
data/raw/def_front/cast_def_0_7468.jpeg,defective,1,552,train
data/raw/def_front/cast_def_0_7474.jpeg,defective,1,553,val
data/raw/def_front/cast_def_0_7475.jpeg,defective,1,554,test
data/raw/def_front/cast_def_0_7483.jpeg,defective,1,555,val
data/raw/def_front/cast_def_0_7496.jpeg,defective,1,556,train
data/raw/def_front/cast_def_0_7503.jpeg,defective,1,557,train
data/raw/def_front/cast_def_0_7510.jpeg,defective,1,558,train
data/raw/def_front/cast_def_0_7520.jpeg,defective,1,559,train
data/raw/def_front/cast_def_0_7521.jpeg,defective,1,560,test
data/raw/def_front/cast_def_0_7538.jpeg,defective,1,561,train
data/raw/def_front/cast_def_0_7540.jpeg,defective,1,562,train
data/raw/def_front/cast_def_0_7549.jpeg,defective,1,563,train
data/raw/def_front/cast_def_0_7553.jpeg,defective,1,564,train
data/raw/def_front/cast_def_0_7554.jpeg,defective,1,565,val
data/raw/def_front/cast_def_0_7556.jpeg,defective,1,566,train
data/raw/def_front/cast_def_0_7576.jpeg,defective,1,567,train
data/raw/def_front/cast_def_0_7581.jpeg,defective,1,568,val
data/raw/def_front/cast_def_0_7593.jpeg,defective,1,569,train
data/raw/def_front/cast_def_0_7596.jpeg,defective,1,570,train
data/raw/def_front/cast_def_0_7599.jpeg,defective,1,571,train
data/raw/def_front/cast_def_0_7601.jpeg,defective,1,572,train
data/raw/def_front/cast_def_0_7603.jpeg,defective,1,573,train
data/raw/def_front/cast_def_0_7636.jpeg,defective,1,574,train
data/raw/def_front/cast_def_0_7664.jpeg,defective,1,575,train
data/raw/def_front/cast_def_0_767.jpeg,defective,1,576,train
data/raw/def_front/cast_def_0_7684.jpeg,defective,1,577,train
data/raw/def_front/cast_def_0_7694.jpeg,defective,1,578,val
data/raw/def_front/cast_def_0_7698.jpeg,defective,1,579,train
data/raw/def_front/cast_def_0_7722.jpeg,defective,1,580,train
data/raw/def_front/cast_def_0_7724.jpeg,defective,1,581,train
data/raw/def_front/cast_def_0_773.jpeg,defective,1,582,val
data/raw/def_front/cast_def_0_7736.jpeg,defective,1,583,train
data/raw/def_front/cast_def_0_7745.jpeg,defective,1,584,train
data/raw/def_front/cast_def_0_7750.jpeg,defective,1,585,train
data/raw/def_front/cast_def_0_7779.jpeg,defective,1,586,test
data/raw/def_front/cast_def_0_7782.jpeg,defective,1,587,train
data/raw/def_front/cast_def_0_7792.jpeg,defective,1,588,train
data/raw/def_front/cast_def_0_7793.jpeg,defective,1,589,test
data/raw/def_front/cast_def_0_7794.jpeg,defective,1,590,test
data/raw/def_front/cast_def_0_7797.jpeg,defective,1,591,train
data/raw/def_front/cast_def_0_781.jpeg,defective,1,592,train
data/raw/def_front/cast_def_0_7837.jpeg,defective,1,593,train
data/raw/def_front/cast_def_0_7844.jpeg,defective,1,594,train
data/raw/def_front/cast_def_0_7847.jpeg,defective,1,595,train
data/raw/def_front/cast_def_0_786.jpeg,defective,1,596,train
data/raw/def_front/cast_def_0_7892.jpeg,defective,1,597,test
data/raw/def_front/cast_def_0_79.jpeg,defective,1,598,train
data/raw/def_front/cast_def_0_7905.jpeg,defective,1,599,val
data/raw/def_front/cast_def_0_7908.jpeg,defective,1,600,train
data/raw/def_front/cast_def_0_7923.jpeg,defective,1,601,train
data/raw/def_front/cast_def_0_7924.jpeg,defective,1,602,train
data/raw/def_front/cast_def_0_7933.jpeg,defective,1,603,val
data/raw/def_front/cast_def_0_7937.jpeg,defective,1,604,test
data/raw/def_front/cast_def_0_7982.jpeg,defective,1,605,val
data/raw/def_front/cast_def_0_7987.jpeg,defective,1,606,val
data/raw/def_front/cast_def_0_7994.jpeg,defective,1,607,train
data/raw/def_front/cast_def_0_7996.jpeg,defective,1,608,train
data/raw/def_front/cast_def_0_7998.jpeg,defective,1,609,train
data/raw/def_front/cast_def_0_8028.jpeg,defective,1,610,val
data/raw/def_front/cast_def_0_8045.jpeg,defective,1,611,train
data/raw/def_front/cast_def_0_8049.jpeg,defective,1,612,train
data/raw/def_front/cast_def_0_8067.jpeg,defective,1,613,train
data/raw/def_front/cast_def_0_808.jpeg,defective,1,614,train
data/raw/def_front/cast_def_0_8101.jpeg,defective,1,615,val
data/raw/def_front/cast_def_0_811.jpeg,defective,1,616,train
data/raw/def_front/cast_def_0_8112.jpeg,defective,1,617,val
data/raw/def_front/cast_def_0_8114.jpeg,defective,1,618,train
data/raw/def_front/cast_def_0_8115.jpeg,defective,1,619,train
data/raw/def_front/cast_def_0_8121.jpeg,defective,1,620,train
data/raw/def_front/cast_def_0_8129.jpeg,defective,1,621,val
data/raw/def_front/cast_def_0_8142.jpeg,defective,1,622,train
data/raw/def_front/cast_def_0_8144.jpeg,defective,1,623,val
data/raw/def_front/cast_def_0_8149.jpeg,defective,1,624,train
data/raw/def_front/cast_def_0_8152.jpeg,defective,1,625,train
data/raw/def_front/cast_def_0_8170.jpeg,defective,1,626,train
data/raw/def_front/cast_def_0_8208.jpeg,defective,1,627,train
data/raw/def_front/cast_def_0_8213.jpeg,defective,1,628,train
data/raw/def_front/cast_def_0_8220.jpeg,defective,1,629,train
data/raw/def_front/cast_def_0_8227.jpeg,defective,1,630,train
data/raw/def_front/cast_def_0_8236.jpeg,defective,1,631,train
data/raw/def_front/cast_def_0_8239.jpeg,defective,1,632,train
data/raw/def_front/cast_def_0_8278.jpeg,defective,1,633,train
data/raw/def_front/cast_def_0_8288.jpeg,defective,1,634,val
data/raw/def_front/cast_def_0_8310.jpeg,defective,1,635,test
data/raw/def_front/cast_def_0_8314.jpeg,defective,1,636,train
data/raw/def_front/cast_def_0_8321.jpeg,defective,1,637,train
data/raw/def_front/cast_def_0_833.jpeg,defective,1,638,train
data/raw/def_front/cast_def_0_8340.jpeg,defective,1,639,train
data/raw/def_front/cast_def_0_8348.jpeg,defective,1,640,train
data/raw/def_front/cast_def_0_839.jpeg,defective,1,641,val
data/raw/def_front/cast_def_0_8396.jpeg,defective,1,642,train
data/raw/def_front/cast_def_0_8405.jpeg,defective,1,643,test
data/raw/def_front/cast_def_0_8408.jpeg,defective,1,644,val
data/raw/def_front/cast_def_0_8415.jpeg,defective,1,645,val
data/raw/def_front/cast_def_0_8434.jpeg,defective,1,646,test
data/raw/def_front/cast_def_0_8441.jpeg,defective,1,647,train
data/raw/def_front/cast_def_0_8451.jpeg,defective,1,648,train
data/raw/def_front/cast_def_0_8467.jpeg,defective,1,649,train
data/raw/def_front/cast_def_0_8486.jpeg,defective,1,650,train
data/raw/def_front/cast_def_0_8510.jpeg,defective,1,651,val
data/raw/def_front/cast_def_0_8519.jpeg,defective,1,652,train
data/raw/def_front/cast_def_0_852.jpeg,defective,1,653,train
data/raw/def_front/cast_def_0_8529.jpeg,defective,1,654,train
data/raw/def_front/cast_def_0_854.jpeg,defective,1,655,train
data/raw/def_front/cast_def_0_8559.jpeg,defective,1,656,train
data/raw/def_front/cast_def_0_8587.jpeg,defective,1,657,train
data/raw/def_front/cast_def_0_8596.jpeg,defective,1,658,test
data/raw/def_front/cast_def_0_8615.jpeg,defective,1,659,train
data/raw/def_front/cast_def_0_8617.jpeg,defective,1,660,train
data/raw/def_front/cast_def_0_8631.jpeg,defective,1,661,train
data/raw/def_front/cast_def_0_8639.jpeg,defective,1,662,train
data/raw/def_front/cast_def_0_8646.jpeg,defective,1,663,train
data/raw/def_front/cast_def_0_8667.jpeg,defective,1,664,train
data/raw/def_front/cast_def_0_8668.jpeg,defective,1,665,val
data/raw/def_front/cast_def_0_8675.jpeg,defective,1,666,val
data/raw/def_front/cast_def_0_8687.jpeg,defective,1,667,train
data/raw/def_front/cast_def_0_8697.jpeg,defective,1,668,train
data/raw/def_front/cast_def_0_8707.jpeg,defective,1,669,train
data/raw/def_front/cast_def_0_8709.jpeg,defective,1,670,train
data/raw/def_front/cast_def_0_8711.jpeg,defective,1,671,train
data/raw/def_front/cast_def_0_8719.jpeg,defective,1,672,test
data/raw/def_front/cast_def_0_8720.jpeg,defective,1,673,test
data/raw/def_front/cast_def_0_8722.jpeg,defective,1,674,train
data/raw/def_front/cast_def_0_8742.jpeg,defective,1,675,val
data/raw/def_front/cast_def_0_8756.jpeg,defective,1,676,train
data/raw/def_front/cast_def_0_8764.jpeg,defective,1,677,train
data/raw/def_front/cast_def_0_8766.jpeg,defective,1,678,val
data/raw/def_front/cast_def_0_8785.jpeg,defective,1,679,train
data/raw/def_front/cast_def_0_8789.jpeg,defective,1,680,train
data/raw/def_front/cast_def_0_880.jpeg,defective,1,681,test
data/raw/def_front/cast_def_0_8813.jpeg,defective,1,682,val
data/raw/def_front/cast_def_0_8817.jpeg,defective,1,683,train
data/raw/def_front/cast_def_0_8822.jpeg,defective,1,684,train
data/raw/def_front/cast_def_0_8831.jpeg,defective,1,685,val
data/raw/def_front/cast_def_0_8838.jpeg,defective,1,686,train
data/raw/def_front/cast_def_0_8844.jpeg,defective,1,687,train
data/raw/def_front/cast_def_0_8848.jpeg,defective,1,688,train
data/raw/def_front/cast_def_0_8855.jpeg,defective,1,689,test
data/raw/def_front/cast_def_0_8867.jpeg,defective,1,690,train
data/raw/def_front/cast_def_0_8899.jpeg,defective,1,691,train
data/raw/def_front/cast_def_0_8948.jpeg,defective,1,692,val
data/raw/def_front/cast_def_0_8954.jpeg,defective,1,693,val
data/raw/def_front/cast_def_0_896.jpeg,defective,1,694,train
data/raw/def_front/cast_def_0_8975.jpeg,defective,1,695,test
data/raw/def_front/cast_def_0_9021.jpeg,defective,1,696,test
data/raw/def_front/cast_def_0_9023.jpeg,defective,1,697,train
data/raw/def_front/cast_def_0_9025.jpeg,defective,1,698,test
data/raw/def_front/cast_def_0_9038.jpeg,defective,1,699,train
data/raw/def_front/cast_def_0_9051.jpeg,defective,1,700,train
data/raw/def_front/cast_def_0_9060.jpeg,defective,1,701,val
data/raw/def_front/cast_def_0_9067.jpeg,defective,1,702,train
data/raw/def_front/cast_def_0_9068.jpeg,defective,1,137,train
data/raw/def_front/cast_def_0_9075.jpeg,defective,1,704,train
data/raw/def_front/cast_def_0_9079.jpeg,defective,1,705,test
data/raw/def_front/cast_def_0_9084.jpeg,defective,1,706,train
data/raw/def_front/cast_def_0_9098.jpeg,defective,1,707,test
data/raw/def_front/cast_def_0_91.jpeg,defective,1,708,train
data/raw/def_front/cast_def_0_9139.jpeg,defective,1,709,train
data/raw/def_front/cast_def_0_9146.jpeg,defective,1,710,train
data/raw/def_front/cast_def_0_9163.jpeg,defective,1,711,train
data/raw/def_front/cast_def_0_9175.jpeg,defective,1,712,train
data/raw/def_front/cast_def_0_9180.jpeg,defective,1,713,train
data/raw/def_front/cast_def_0_9188.jpeg,defective,1,714,train
data/raw/def_front/cast_def_0_9206.jpeg,defective,1,715,train
data/raw/def_front/cast_def_0_9211.jpeg,defective,1,716,train
data/raw/def_front/cast_def_0_9227.jpeg,defective,1,717,train
data/raw/def_front/cast_def_0_9234.jpeg,defective,1,718,train
data/raw/def_front/cast_def_0_9262.jpeg,defective,1,719,val
data/raw/def_front/cast_def_0_9276.jpeg,defective,1,720,train
data/raw/def_front/cast_def_0_93.jpeg,defective,1,721,train
data/raw/def_front/cast_def_0_9320.jpeg,defective,1,588,train
data/raw/def_front/cast_def_0_9325.jpeg,defective,1,723,val
data/raw/def_front/cast_def_0_9328.jpeg,defective,1,724,val
data/raw/def_front/cast_def_0_9333.jpeg,defective,1,725,train
data/raw/def_front/cast_def_0_9339.jpeg,defective,1,726,test
data/raw/def_front/cast_def_0_9346.jpeg,defective,1,727,train
data/raw/def_front/cast_def_0_9356.jpeg,defective,1,728,train
data/raw/def_front/cast_def_0_937.jpeg,defective,1,729,test
data/raw/def_front/cast_def_0_9378.jpeg,defective,1,730,test
data/raw/def_front/cast_def_0_9379.jpeg,defective,1,731,train
data/raw/def_front/cast_def_0_9388.jpeg,defective,1,732,train
data/raw/def_front/cast_def_0_94.jpeg,defective,1,733,val
data/raw/def_front/cast_def_0_9403.jpeg,defective,1,734,train
data/raw/def_front/cast_def_0_9435.jpeg,defective,1,735,train
data/raw/def_front/cast_def_0_9453.jpeg,defective,1,736,train
data/raw/def_front/cast_def_0_9454.jpeg,defective,1,737,test
data/raw/def_front/cast_def_0_9474.jpeg,defective,1,738,train
data/raw/def_front/cast_def_0_9475.jpeg,defective,1,739,test
data/raw/def_front/cast_def_0_9477.jpeg,defective,1,740,test
data/raw/def_front/cast_def_0_9480.jpeg,defective,1,741,test
data/raw/def_front/cast_def_0_9496.jpeg,defective,1,742,val
data/raw/def_front/cast_def_0_9498.jpeg,defective,1,743,test
data/raw/def_front/cast_def_0_9507.jpeg,defective,1,744,train
data/raw/def_front/cast_def_0_9520.jpeg,defective,1,745,train
data/raw/def_front/cast_def_0_9540.jpeg,defective,1,746,train
data/raw/def_front/cast_def_0_9547.jpeg,defective,1,747,train
data/raw/def_front/cast_def_0_9580.jpeg,defective,1,748,test
data/raw/def_front/cast_def_0_9582.jpeg,defective,1,749,train
data/raw/def_front/cast_def_0_959.jpeg,defective,1,750,train
data/raw/def_front/cast_def_0_9591.jpeg,defective,1,751,val
data/raw/def_front/cast_def_0_9613.jpeg,defective,1,752,train
data/raw/def_front/cast_def_0_9615.jpeg,defective,1,753,train
data/raw/def_front/cast_def_0_9619.jpeg,defective,1,754,train
data/raw/def_front/cast_def_0_9623.jpeg,defective,1,755,train
data/raw/def_front/cast_def_0_9637.jpeg,defective,1,756,train
data/raw/def_front/cast_def_0_9640.jpeg,defective,1,757,train
data/raw/def_front/cast_def_0_9643.jpeg,defective,1,758,test
data/raw/def_front/cast_def_0_9644.jpeg,defective,1,759,train
data/raw/def_front/cast_def_0_966.jpeg,defective,1,760,val
data/raw/def_front/cast_def_0_9669.jpeg,defective,1,761,train
data/raw/def_front/cast_def_0_9683.jpeg,defective,1,762,train
data/raw/def_front/cast_def_0_9687.jpeg,defective,1,763,train
data/raw/def_front/cast_def_0_9737.jpeg,defective,1,764,train
data/raw/def_front/cast_def_0_9750.jpeg,defective,1,765,train
data/raw/def_front/cast_def_0_9755.jpeg,defective,1,766,train
data/raw/def_front/cast_def_0_976.jpeg,defective,1,767,train
data/raw/def_front/cast_def_0_9780.jpeg,defective,1,768,train
data/raw/def_front/cast_def_0_9817.jpeg,defective,1,769,train
data/raw/def_front/cast_def_0_9836.jpeg,defective,1,770,train
data/raw/def_front/cast_def_0_9854.jpeg,defective,1,771,train
data/raw/def_front/cast_def_0_9857.jpeg,defective,1,772,val
data/raw/def_front/cast_def_0_9872.jpeg,defective,1,773,train
data/raw/def_front/cast_def_0_9873.jpeg,defective,1,774,train
data/raw/def_front/cast_def_0_9877.jpeg,defective,1,775,train
data/raw/def_front/cast_def_0_9879.jpeg,defective,1,776,test
data/raw/def_front/cast_def_0_994.jpeg,defective,1,777,test
data/raw/def_front/cast_def_0_9963.jpeg,defective,1,778,val
data/raw/def_front/cast_def_0_9980.jpeg,defective,1,779,train
data/raw/def_front/cast_def_0_9995.jpeg,defective,1,780,train
data/raw/ok_front/cast_ok_0_1018.jpeg,normal,0,781,test
data/raw/ok_front/cast_ok_0_1021.jpeg,normal,0,782,train
data/raw/ok_front/cast_ok_0_1028.jpeg,normal,0,783,val
data/raw/ok_front/cast_ok_0_1074.jpeg,normal,0,784,train
data/raw/ok_front/cast_ok_0_1082.jpeg,normal,0,785,train
data/raw/ok_front/cast_ok_0_1083.jpeg,normal,0,786,train
data/raw/ok_front/cast_ok_0_1091.jpeg,normal,0,787,train
data/raw/ok_front/cast_ok_0_1092.jpeg,normal,0,788,train
data/raw/ok_front/cast_ok_0_1102.jpeg,normal,0,789,val
data/raw/ok_front/cast_ok_0_1144.jpeg,normal,0,790,train
data/raw/ok_front/cast_ok_0_1155.jpeg,normal,0,791,train
data/raw/ok_front/cast_ok_0_1187.jpeg,normal,0,792,train
data/raw/ok_front/cast_ok_0_119.jpeg,normal,0,793,train
data/raw/ok_front/cast_ok_0_1192.jpeg,normal,0,794,train
data/raw/ok_front/cast_ok_0_1207.jpeg,normal,0,795,train
data/raw/ok_front/cast_ok_0_1234.jpeg,normal,0,796,train
data/raw/ok_front/cast_ok_0_1265.jpeg,normal,0,797,train
data/raw/ok_front/cast_ok_0_129.jpeg,normal,0,798,train
data/raw/ok_front/cast_ok_0_1290.jpeg,normal,0,799,train
data/raw/ok_front/cast_ok_0_1344.jpeg,normal,0,800,train
data/raw/ok_front/cast_ok_0_1362.jpeg,normal,0,801,test
data/raw/ok_front/cast_ok_0_1392.jpeg,normal,0,802,train
data/raw/ok_front/cast_ok_0_1429.jpeg,normal,0,803,train
data/raw/ok_front/cast_ok_0_1445.jpeg,normal,0,804,train
data/raw/ok_front/cast_ok_0_1450.jpeg,normal,0,805,train
data/raw/ok_front/cast_ok_0_1491.jpeg,normal,0,806,train
data/raw/ok_front/cast_ok_0_1559.jpeg,normal,0,807,val
data/raw/ok_front/cast_ok_0_1568.jpeg,normal,0,808,train
data/raw/ok_front/cast_ok_0_1573.jpeg,normal,0,809,train
data/raw/ok_front/cast_ok_0_1584.jpeg,normal,0,810,train
data/raw/ok_front/cast_ok_0_1588.jpeg,normal,0,811,train
data/raw/ok_front/cast_ok_0_1589.jpeg,normal,0,812,train
data/raw/ok_front/cast_ok_0_1592.jpeg,normal,0,813,train
data/raw/ok_front/cast_ok_0_1604.jpeg,normal,0,814,test
data/raw/ok_front/cast_ok_0_1634.jpeg,normal,0,815,train
data/raw/ok_front/cast_ok_0_1644.jpeg,normal,0,816,train
data/raw/ok_front/cast_ok_0_1665.jpeg,normal,0,817,train
data/raw/ok_front/cast_ok_0_1682.jpeg,normal,0,818,train
data/raw/ok_front/cast_ok_0_1695.jpeg,normal,0,819,train
data/raw/ok_front/cast_ok_0_1715.jpeg,normal,0,820,train
data/raw/ok_front/cast_ok_0_1723.jpeg,normal,0,821,train
data/raw/ok_front/cast_ok_0_1755.jpeg,normal,0,822,train
data/raw/ok_front/cast_ok_0_1756.jpeg,normal,0,823,train
data/raw/ok_front/cast_ok_0_1761.jpeg,normal,0,824,train
data/raw/ok_front/cast_ok_0_1780.jpeg,normal,0,825,val
data/raw/ok_front/cast_ok_0_1817.jpeg,normal,0,826,test
data/raw/ok_front/cast_ok_0_1825.jpeg,normal,0,827,val
data/raw/ok_front/cast_ok_0_1853.jpeg,normal,0,828,train
data/raw/ok_front/cast_ok_0_1863.jpeg,normal,0,829,train
data/raw/ok_front/cast_ok_0_1879.jpeg,normal,0,830,train
data/raw/ok_front/cast_ok_0_1933.jpeg,normal,0,831,val
data/raw/ok_front/cast_ok_0_1936.jpeg,normal,0,832,test
data/raw/ok_front/cast_ok_0_1959.jpeg,normal,0,833,train
data/raw/ok_front/cast_ok_0_196.jpeg,normal,0,834,test
data/raw/ok_front/cast_ok_0_1963.jpeg,normal,0,835,train
data/raw/ok_front/cast_ok_0_199.jpeg,normal,0,836,test
data/raw/ok_front/cast_ok_0_2005.jpeg,normal,0,837,train
data/raw/ok_front/cast_ok_0_2046.jpeg,normal,0,838,train
data/raw/ok_front/cast_ok_0_2054.jpeg,normal,0,839,val
data/raw/ok_front/cast_ok_0_2060.jpeg,normal,0,840,train
data/raw/ok_front/cast_ok_0_2083.jpeg,normal,0,841,train
data/raw/ok_front/cast_ok_0_2100.jpeg,normal,0,842,test
data/raw/ok_front/cast_ok_0_211.jpeg,normal,0,843,train
data/raw/ok_front/cast_ok_0_2117.jpeg,normal,0,844,train
data/raw/ok_front/cast_ok_0_2138.jpeg,normal,0,845,val
data/raw/ok_front/cast_ok_0_2152.jpeg,normal,0,846,train
data/raw/ok_front/cast_ok_0_2162.jpeg,normal,0,847,train
data/raw/ok_front/cast_ok_0_2180.jpeg,normal,0,848,train
data/raw/ok_front/cast_ok_0_2208.jpeg,normal,0,849,train
data/raw/ok_front/cast_ok_0_222.jpeg,normal,0,850,train
data/raw/ok_front/cast_ok_0_2235.jpeg,normal,0,851,train
data/raw/ok_front/cast_ok_0_2241.jpeg,normal,0,852,train
data/raw/ok_front/cast_ok_0_2244.jpeg,normal,0,853,val
data/raw/ok_front/cast_ok_0_2268.jpeg,normal,0,854,train
data/raw/ok_front/cast_ok_0_2271.jpeg,normal,0,855,train
data/raw/ok_front/cast_ok_0_2288.jpeg,normal,0,856,train
data/raw/ok_front/cast_ok_0_2295.jpeg,normal,0,857,train
data/raw/ok_front/cast_ok_0_2301.jpeg,normal,0,858,test
data/raw/ok_front/cast_ok_0_2315.jpeg,normal,0,859,train
data/raw/ok_front/cast_ok_0_2322.jpeg,normal,0,860,val
data/raw/ok_front/cast_ok_0_2351.jpeg,normal,0,861,test
data/raw/ok_front/cast_ok_0_2379.jpeg,normal,0,862,train
data/raw/ok_front/cast_ok_0_2394.jpeg,normal,0,863,train
data/raw/ok_front/cast_ok_0_2417.jpeg,normal,0,864,test
data/raw/ok_front/cast_ok_0_2437.jpeg,normal,0,865,train
data/raw/ok_front/cast_ok_0_2456.jpeg,normal,0,855,train
data/raw/ok_front/cast_ok_0_2472.jpeg,normal,0,826,test
data/raw/ok_front/cast_ok_0_2482.jpeg,normal,0,868,train
data/raw/ok_front/cast_ok_0_2505.jpeg,normal,0,869,train
data/raw/ok_front/cast_ok_0_2514.jpeg,normal,0,844,train
data/raw/ok_front/cast_ok_0_2525.jpeg,normal,0,871,train
data/raw/ok_front/cast_ok_0_2541.jpeg,normal,0,872,train
data/raw/ok_front/cast_ok_0_2544.jpeg,normal,0,873,train
data/raw/ok_front/cast_ok_0_2588.jpeg,normal,0,874,train
data/raw/ok_front/cast_ok_0_2605.jpeg,normal,0,875,train
data/raw/ok_front/cast_ok_0_2614.jpeg,normal,0,876,train
data/raw/ok_front/cast_ok_0_2622.jpeg,normal,0,877,train
data/raw/ok_front/cast_ok_0_2643.jpeg,normal,0,878,train
data/raw/ok_front/cast_ok_0_265.jpeg,normal,0,879,train
data/raw/ok_front/cast_ok_0_2695.jpeg,normal,0,880,val
data/raw/ok_front/cast_ok_0_2697.jpeg,normal,0,881,train
data/raw/ok_front/cast_ok_0_2720.jpeg,normal,0,882,train
data/raw/ok_front/cast_ok_0_2721.jpeg,normal,0,883,train
data/raw/ok_front/cast_ok_0_2722.jpeg,normal,0,884,test
data/raw/ok_front/cast_ok_0_2738.jpeg,normal,0,885,val
data/raw/ok_front/cast_ok_0_2746.jpeg,normal,0,886,train
data/raw/ok_front/cast_ok_0_277.jpeg,normal,0,887,train
data/raw/ok_front/cast_ok_0_2770.jpeg,normal,0,888,train
data/raw/ok_front/cast_ok_0_2771.jpeg,normal,0,889,train
data/raw/ok_front/cast_ok_0_2781.jpeg,normal,0,890,train
data/raw/ok_front/cast_ok_0_2784.jpeg,normal,0,891,test
data/raw/ok_front/cast_ok_0_2785.jpeg,normal,0,892,train
data/raw/ok_front/cast_ok_0_2816.jpeg,normal,0,893,train
data/raw/ok_front/cast_ok_0_2818.jpeg,normal,0,894,train
data/raw/ok_front/cast_ok_0_2819.jpeg,normal,0,895,train
data/raw/ok_front/cast_ok_0_2865.jpeg,normal,0,896,train
data/raw/ok_front/cast_ok_0_2867.jpeg,normal,0,897,train
data/raw/ok_front/cast_ok_0_2967.jpeg,normal,0,898,train
data/raw/ok_front/cast_ok_0_2989.jpeg,normal,0,899,test
data/raw/ok_front/cast_ok_0_2992.jpeg,normal,0,900,train
data/raw/ok_front/cast_ok_0_2997.jpeg,normal,0,901,train
data/raw/ok_front/cast_ok_0_2999.jpeg,normal,0,902,train
data/raw/ok_front/cast_ok_0_3025.jpeg,normal,0,903,train
data/raw/ok_front/cast_ok_0_304.jpeg,normal,0,904,val
data/raw/ok_front/cast_ok_0_3049.jpeg,normal,0,905,train
data/raw/ok_front/cast_ok_0_305.jpeg,normal,0,906,train
data/raw/ok_front/cast_ok_0_3064.jpeg,normal,0,836,test
data/raw/ok_front/cast_ok_0_3102.jpeg,normal,0,908,train
data/raw/ok_front/cast_ok_0_3106.jpeg,normal,0,909,test
data/raw/ok_front/cast_ok_0_312.jpeg,normal,0,910,train
data/raw/ok_front/cast_ok_0_3136.jpeg,normal,0,911,train
data/raw/ok_front/cast_ok_0_3138.jpeg,normal,0,912,train
data/raw/ok_front/cast_ok_0_3181.jpeg,normal,0,913,train
data/raw/ok_front/cast_ok_0_3186.jpeg,normal,0,914,train
data/raw/ok_front/cast_ok_0_3199.jpeg,normal,0,915,train
data/raw/ok_front/cast_ok_0_3214.jpeg,normal,0,916,val
data/raw/ok_front/cast_ok_0_3246.jpeg,normal,0,917,val
data/raw/ok_front/cast_ok_0_3250.jpeg,normal,0,918,val
data/raw/ok_front/cast_ok_0_327.jpeg,normal,0,919,train
data/raw/ok_front/cast_ok_0_3304.jpeg,normal,0,920,train
data/raw/ok_front/cast_ok_0_3336.jpeg,normal,0,921,train
data/raw/ok_front/cast_ok_0_3337.jpeg,normal,0,922,train
data/raw/ok_front/cast_ok_0_3338.jpeg,normal,0,923,test
data/raw/ok_front/cast_ok_0_3371.jpeg,normal,0,924,train
data/raw/ok_front/cast_ok_0_3386.jpeg,normal,0,925,val
data/raw/ok_front/cast_ok_0_3402.jpeg,normal,0,926,train
data/raw/ok_front/cast_ok_0_3439.jpeg,normal,0,927,train
data/raw/ok_front/cast_ok_0_3440.jpeg,normal,0,785,train
data/raw/ok_front/cast_ok_0_3449.jpeg,normal,0,929,train
data/raw/ok_front/cast_ok_0_3465.jpeg,normal,0,930,val
data/raw/ok_front/cast_ok_0_3498.jpeg,normal,0,795,train
data/raw/ok_front/cast_ok_0_35.jpeg,normal,0,932,test
data/raw/ok_front/cast_ok_0_3500.jpeg,normal,0,933,train
data/raw/ok_front/cast_ok_0_352.jpeg,normal,0,934,train
data/raw/ok_front/cast_ok_0_3596.jpeg,normal,0,804,train
data/raw/ok_front/cast_ok_0_3654.jpeg,normal,0,936,train
data/raw/ok_front/cast_ok_0_37.jpeg,normal,0,937,train
data/raw/ok_front/cast_ok_0_373.jpeg,normal,0,938,val
data/raw/ok_front/cast_ok_0_3736.jpeg,normal,0,939,train
data/raw/ok_front/cast_ok_0_3764.jpeg,normal,0,897,train
data/raw/ok_front/cast_ok_0_3812.jpeg,normal,0,941,test
data/raw/ok_front/cast_ok_0_3820.jpeg,normal,0,942,train
data/raw/ok_front/cast_ok_0_3842.jpeg,normal,0,943,val
data/raw/ok_front/cast_ok_0_3846.jpeg,normal,0,944,train
data/raw/ok_front/cast_ok_0_3868.jpeg,normal,0,945,train
data/raw/ok_front/cast_ok_0_3869.jpeg,normal,0,946,train
data/raw/ok_front/cast_ok_0_3870.jpeg,normal,0,947,train
data/raw/ok_front/cast_ok_0_3897.jpeg,normal,0,948,test
data/raw/ok_front/cast_ok_0_3906.jpeg,normal,0,949,train
data/raw/ok_front/cast_ok_0_3916.jpeg,normal,0,950,train
data/raw/ok_front/cast_ok_0_3966.jpeg,normal,0,951,train
data/raw/ok_front/cast_ok_0_3973.jpeg,normal,0,952,train
data/raw/ok_front/cast_ok_0_3984.jpeg,normal,0,953,test
data/raw/ok_front/cast_ok_0_4010.jpeg,normal,0,954,train
data/raw/ok_front/cast_ok_0_4020.jpeg,normal,0,955,test
data/raw/ok_front/cast_ok_0_4031.jpeg,normal,0,956,train
data/raw/ok_front/cast_ok_0_4038.jpeg,normal,0,957,val
data/raw/ok_front/cast_ok_0_4059.jpeg,normal,0,958,train
data/raw/ok_front/cast_ok_0_4081.jpeg,normal,0,959,train
data/raw/ok_front/cast_ok_0_4082.jpeg,normal,0,960,test
data/raw/ok_front/cast_ok_0_4087.jpeg,normal,0,961,train
data/raw/ok_front/cast_ok_0_4141.jpeg,normal,0,962,train
data/raw/ok_front/cast_ok_0_4168.jpeg,normal,0,963,val
data/raw/ok_front/cast_ok_0_4177.jpeg,normal,0,964,train
data/raw/ok_front/cast_ok_0_4201.jpeg,normal,0,965,train
data/raw/ok_front/cast_ok_0_4223.jpeg,normal,0,966,train
data/raw/ok_front/cast_ok_0_423.jpeg,normal,0,967,train
data/raw/ok_front/cast_ok_0_4247.jpeg,normal,0,968,train
data/raw/ok_front/cast_ok_0_4265.jpeg,normal,0,844,train
data/raw/ok_front/cast_ok_0_4295.jpeg,normal,0,970,train
data/raw/ok_front/cast_ok_0_431.jpeg,normal,0,971,train
data/raw/ok_front/cast_ok_0_4358.jpeg,normal,0,918,val
data/raw/ok_front/cast_ok_0_4405.jpeg,normal,0,973,train
data/raw/ok_front/cast_ok_0_4413.jpeg,normal,0,974,val
data/raw/ok_front/cast_ok_0_4432.jpeg,normal,0,975,train
data/raw/ok_front/cast_ok_0_4433.jpeg,normal,0,976,val
data/raw/ok_front/cast_ok_0_4437.jpeg,normal,0,977,train
data/raw/ok_front/cast_ok_0_4442.jpeg,normal,0,978,train
data/raw/ok_front/cast_ok_0_4450.jpeg,normal,0,979,train
data/raw/ok_front/cast_ok_0_4496.jpeg,normal,0,980,train
data/raw/ok_front/cast_ok_0_4503.jpeg,normal,0,981,train
data/raw/ok_front/cast_ok_0_4561.jpeg,normal,0,982,test
data/raw/ok_front/cast_ok_0_4562.jpeg,normal,0,983,val
data/raw/ok_front/cast_ok_0_4579.jpeg,normal,0,984,train
data/raw/ok_front/cast_ok_0_4582.jpeg,normal,0,985,train
data/raw/ok_front/cast_ok_0_4597.jpeg,normal,0,986,train
data/raw/ok_front/cast_ok_0_4630.jpeg,normal,0,987,train
data/raw/ok_front/cast_ok_0_4639.jpeg,normal,0,988,test
data/raw/ok_front/cast_ok_0_468.jpeg,normal,0,924,train
data/raw/ok_front/cast_ok_0_4691.jpeg,normal,0,990,test
data/raw/ok_front/cast_ok_0_4697.jpeg,normal,0,991,train
data/raw/ok_front/cast_ok_0_4736.jpeg,normal,0,992,test
data/raw/ok_front/cast_ok_0_4742.jpeg,normal,0,918,val
data/raw/ok_front/cast_ok_0_477.jpeg,normal,0,994,train
data/raw/ok_front/cast_ok_0_4773.jpeg,normal,0,888,train
data/raw/ok_front/cast_ok_0_4799.jpeg,normal,0,996,train
data/raw/ok_front/cast_ok_0_4821.jpeg,normal,0,997,test
data/raw/ok_front/cast_ok_0_4823.jpeg,normal,0,918,val
data/raw/ok_front/cast_ok_0_4855.jpeg,normal,0,999,test
data/raw/ok_front/cast_ok_0_4862.jpeg,normal,0,1000,train
data/raw/ok_front/cast_ok_0_4863.jpeg,normal,0,1001,train
data/raw/ok_front/cast_ok_0_4930.jpeg,normal,0,1002,train
data/raw/ok_front/cast_ok_0_4943.jpeg,normal,0,826,test
data/raw/ok_front/cast_ok_0_4944.jpeg,normal,0,1004,train
data/raw/ok_front/cast_ok_0_4958.jpeg,normal,0,1005,train
data/raw/ok_front/cast_ok_0_496.jpeg,normal,0,1006,train
data/raw/ok_front/cast_ok_0_4961.jpeg,normal,0,1007,val
data/raw/ok_front/cast_ok_0_4965.jpeg,normal,0,1008,train
data/raw/ok_front/cast_ok_0_4972.jpeg,normal,0,1009,val
data/raw/ok_front/cast_ok_0_4974.jpeg,normal,0,1010,train
data/raw/ok_front/cast_ok_0_5003.jpeg,normal,0,1011,train
data/raw/ok_front/cast_ok_0_5009.jpeg,normal,0,1012,train
data/raw/ok_front/cast_ok_0_5045.jpeg,normal,0,1013,test
data/raw/ok_front/cast_ok_0_5077.jpeg,normal,0,1014,train
data/raw/ok_front/cast_ok_0_5085.jpeg,normal,0,1015,train
data/raw/ok_front/cast_ok_0_5137.jpeg,normal,0,807,val
data/raw/ok_front/cast_ok_0_5141.jpeg,normal,0,1017,train
data/raw/ok_front/cast_ok_0_5148.jpeg,normal,0,1018,train
data/raw/ok_front/cast_ok_0_5150.jpeg,normal,0,1019,test
data/raw/ok_front/cast_ok_0_5173.jpeg,normal,0,1020,train
data/raw/ok_front/cast_ok_0_5181.jpeg,normal,0,1021,train
data/raw/ok_front/cast_ok_0_5191.jpeg,normal,0,990,test
data/raw/ok_front/cast_ok_0_5268.jpeg,normal,0,1023,val
data/raw/ok_front/cast_ok_0_5310.jpeg,normal,0,1024,train
data/raw/ok_front/cast_ok_0_5326.jpeg,normal,0,845,val
data/raw/ok_front/cast_ok_0_5327.jpeg,normal,0,1026,train
data/raw/ok_front/cast_ok_0_5339.jpeg,normal,0,1027,train
data/raw/ok_front/cast_ok_0_5370.jpeg,normal,0,918,val
data/raw/ok_front/cast_ok_0_5379.jpeg,normal,0,785,train
data/raw/ok_front/cast_ok_0_5447.jpeg,normal,0,1030,train
data/raw/ok_front/cast_ok_0_5465.jpeg,normal,0,1031,train
data/raw/ok_front/cast_ok_0_5472.jpeg,normal,0,1032,test
data/raw/ok_front/cast_ok_0_5515.jpeg,normal,0,1033,val
data/raw/ok_front/cast_ok_0_5524.jpeg,normal,0,1034,train
data/raw/ok_front/cast_ok_0_5536.jpeg,normal,0,1035,test
data/raw/ok_front/cast_ok_0_5548.jpeg,normal,0,1036,test
data/raw/ok_front/cast_ok_0_5565.jpeg,normal,0,1037,test
data/raw/ok_front/cast_ok_0_5573.jpeg,normal,0,1038,train
data/raw/ok_front/cast_ok_0_5576.jpeg,normal,0,1039,test
data/raw/ok_front/cast_ok_0_5588.jpeg,normal,0,1040,val
data/raw/ok_front/cast_ok_0_5604.jpeg,normal,0,1041,train
data/raw/ok_front/cast_ok_0_5609.jpeg,normal,0,1042,train
data/raw/ok_front/cast_ok_0_5625.jpeg,normal,0,1043,train
data/raw/ok_front/cast_ok_0_563.jpeg,normal,0,1044,test
data/raw/ok_front/cast_ok_0_5654.jpeg,normal,0,1045,train
data/raw/ok_front/cast_ok_0_5680.jpeg,normal,0,1046,test
data/raw/ok_front/cast_ok_0_5681.jpeg,normal,0,1047,val
data/raw/ok_front/cast_ok_0_5685.jpeg,normal,0,1048,test
data/raw/ok_front/cast_ok_0_5687.jpeg,normal,0,1049,train
data/raw/ok_front/cast_ok_0_5691.jpeg,normal,0,1050,train
data/raw/ok_front/cast_ok_0_5728.jpeg,normal,0,963,val
data/raw/ok_front/cast_ok_0_5738.jpeg,normal,0,1052,train
data/raw/ok_front/cast_ok_0_5774.jpeg,normal,0,1053,train
data/raw/ok_front/cast_ok_0_5812.jpeg,normal,0,1054,train
data/raw/ok_front/cast_ok_0_5814.jpeg,normal,0,1055,test
data/raw/ok_front/cast_ok_0_5818.jpeg,normal,0,1056,train
data/raw/ok_front/cast_ok_0_583.jpeg,normal,0,1057,train
data/raw/ok_front/cast_ok_0_5852.jpeg,normal,0,1058,val
data/raw/ok_front/cast_ok_0_5853.jpeg,normal,0,1059,train
data/raw/ok_front/cast_ok_0_5854.jpeg,normal,0,1060,train
data/raw/ok_front/cast_ok_0_586.jpeg,normal,0,1061,train
data/raw/ok_front/cast_ok_0_591.jpeg,normal,0,1062,test
data/raw/ok_front/cast_ok_0_5929.jpeg,normal,0,1063,val
data/raw/ok_front/cast_ok_0_5942.jpeg,normal,0,1064,val
data/raw/ok_front/cast_ok_0_601.jpeg,normal,0,1065,train
data/raw/ok_front/cast_ok_0_6018.jpeg,normal,0,1066,val
data/raw/ok_front/cast_ok_0_6055.jpeg,normal,0,1067,test
data/raw/ok_front/cast_ok_0_6079.jpeg,normal,0,1068,train
data/raw/ok_front/cast_ok_0_6092.jpeg,normal,0,1069,train
data/raw/ok_front/cast_ok_0_6119.jpeg,normal,0,1070,train
data/raw/ok_front/cast_ok_0_6129.jpeg,normal,0,1071,test
data/raw/ok_front/cast_ok_0_6134.jpeg,normal,0,1072,train
data/raw/ok_front/cast_ok_0_6149.jpeg,normal,0,1073,train
data/raw/ok_front/cast_ok_0_6160.jpeg,normal,0,1074,train
data/raw/ok_front/cast_ok_0_6189.jpeg,normal,0,1075,test
data/raw/ok_front/cast_ok_0_623.jpeg,normal,0,801,test
data/raw/ok_front/cast_ok_0_6235.jpeg,normal,0,804,train
data/raw/ok_front/cast_ok_0_6236.jpeg,normal,0,1078,train
data/raw/ok_front/cast_ok_0_6239.jpeg,normal,0,1079,train
data/raw/ok_front/cast_ok_0_6250.jpeg,normal,0,1080,train
data/raw/ok_front/cast_ok_0_6258.jpeg,normal,0,1081,train
data/raw/ok_front/cast_ok_0_6287.jpeg,normal,0,1082,train
data/raw/ok_front/cast_ok_0_6292.jpeg,normal,0,1083,train
data/raw/ok_front/cast_ok_0_6295.jpeg,normal,0,1084,train
data/raw/ok_front/cast_ok_0_6306.jpeg,normal,0,1085,val
data/raw/ok_front/cast_ok_0_6329.jpeg,normal,0,1086,test
data/raw/ok_front/cast_ok_0_6332.jpeg,normal,0,1087,train
data/raw/ok_front/cast_ok_0_638.jpeg,normal,0,1088,test
data/raw/ok_front/cast_ok_0_6390.jpeg,normal,0,1089,train
data/raw/ok_front/cast_ok_0_6418.jpeg,normal,0,1090,train
data/raw/ok_front/cast_ok_0_6424.jpeg,normal,0,1091,train
data/raw/ok_front/cast_ok_0_6449.jpeg,normal,0,1092,train
data/raw/ok_front/cast_ok_0_645.jpeg,normal,0,1093,val
data/raw/ok_front/cast_ok_0_6471.jpeg,normal,0,1094,train
data/raw/ok_front/cast_ok_0_6474.jpeg,normal,0,1095,train
data/raw/ok_front/cast_ok_0_6477.jpeg,normal,0,1096,train
data/raw/ok_front/cast_ok_0_6482.jpeg,normal,0,1097,train
data/raw/ok_front/cast_ok_0_6529.jpeg,normal,0,1098,test
data/raw/ok_front/cast_ok_0_6537.jpeg,normal,0,1099,test
data/raw/ok_front/cast_ok_0_6567.jpeg,normal,0,1100,train
data/raw/ok_front/cast_ok_0_6579.jpeg,normal,0,1101,train
data/raw/ok_front/cast_ok_0_661.jpeg,normal,0,1102,val
data/raw/ok_front/cast_ok_0_6644.jpeg,normal,0,1103,train
data/raw/ok_front/cast_ok_0_6679.jpeg,normal,0,1104,train
data/raw/ok_front/cast_ok_0_6705.jpeg,normal,0,1105,train
data/raw/ok_front/cast_ok_0_6738.jpeg,normal,0,1106,train
data/raw/ok_front/cast_ok_0_6741.jpeg,normal,0,1107,train
data/raw/ok_front/cast_ok_0_6765.jpeg,normal,0,1108,test
data/raw/ok_front/cast_ok_0_6773.jpeg,normal,0,1109,test
data/raw/ok_front/cast_ok_0_6788.jpeg,normal,0,1110,train
data/raw/ok_front/cast_ok_0_6802.jpeg,normal,0,1111,train
data/raw/ok_front/cast_ok_0_6826.jpeg,normal,0,1074,train
data/raw/ok_front/cast_ok_0_6847.jpeg,normal,0,1113,train
data/raw/ok_front/cast_ok_0_6854.jpeg,normal,0,1114,train
data/raw/ok_front/cast_ok_0_6864.jpeg,normal,0,1115,train
data/raw/ok_front/cast_ok_0_6869.jpeg,normal,0,1116,train
data/raw/ok_front/cast_ok_0_688.jpeg,normal,0,801,test
data/raw/ok_front/cast_ok_0_6880.jpeg,normal,0,845,val
data/raw/ok_front/cast_ok_0_6881.jpeg,normal,0,888,train
data/raw/ok_front/cast_ok_0_6890.jpeg,normal,0,1120,val
data/raw/ok_front/cast_ok_0_6922.jpeg,normal,0,1121,train
data/raw/ok_front/cast_ok_0_694.jpeg,normal,0,1122,train
data/raw/ok_front/cast_ok_0_6940.jpeg,normal,0,1123,train
data/raw/ok_front/cast_ok_0_7005.jpeg,normal,0,1124,train
data/raw/ok_front/cast_ok_0_7014.jpeg,normal,0,1125,train
data/raw/ok_front/cast_ok_0_7021.jpeg,normal,0,963,val
data/raw/ok_front/cast_ok_0_7049.jpeg,normal,0,1127,train
data/raw/ok_front/cast_ok_0_7072.jpeg,normal,0,1128,train
data/raw/ok_front/cast_ok_0_7076.jpeg,normal,0,1129,train
data/raw/ok_front/cast_ok_0_7111.jpeg,normal,0,1130,val
data/raw/ok_front/cast_ok_0_7112.jpeg,normal,0,1131,train
data/raw/ok_front/cast_ok_0_7117.jpeg,normal,0,1132,val
data/raw/ok_front/cast_ok_0_7120.jpeg,normal,0,1133,val
data/raw/ok_front/cast_ok_0_7151.jpeg,normal,0,1134,train
data/raw/ok_front/cast_ok_0_7156.jpeg,normal,0,1135,val
data/raw/ok_front/cast_ok_0_7157.jpeg,normal,0,1136,train
data/raw/ok_front/cast_ok_0_7171.jpeg,normal,0,1137,train
data/raw/ok_front/cast_ok_0_7194.jpeg,normal,0,1138,train
data/raw/ok_front/cast_ok_0_7195.jpeg,normal,0,1139,val
data/raw/ok_front/cast_ok_0_7206.jpeg,normal,0,1140,train
data/raw/ok_front/cast_ok_0_7209.jpeg,normal,0,1141,train
data/raw/ok_front/cast_ok_0_7218.jpeg,normal,0,1142,train
data/raw/ok_front/cast_ok_0_7240.jpeg,normal,0,1143,train
data/raw/ok_front/cast_ok_0_7256.jpeg,normal,0,1144,train
data/raw/ok_front/cast_ok_0_7271.jpeg,normal,0,1145,train
data/raw/ok_front/cast_ok_0_7338.jpeg,normal,0,1146,train
data/raw/ok_front/cast_ok_0_7342.jpeg,normal,0,1147,test
data/raw/ok_front/cast_ok_0_7351.jpeg,normal,0,1148,train
data/raw/ok_front/cast_ok_0_7353.jpeg,normal,0,1123,train
data/raw/ok_front/cast_ok_0_7357.jpeg,normal,0,1150,val
data/raw/ok_front/cast_ok_0_7366.jpeg,normal,0,1151,train
data/raw/ok_front/cast_ok_0_7411.jpeg,normal,0,1152,train
data/raw/ok_front/cast_ok_0_7419.jpeg,normal,0,1153,val
data/raw/ok_front/cast_ok_0_7432.jpeg,normal,0,1154,train
data/raw/ok_front/cast_ok_0_7445.jpeg,normal,0,1155,val
data/raw/ok_front/cast_ok_0_7460.jpeg,normal,0,1156,val
data/raw/ok_front/cast_ok_0_7487.jpeg,normal,0,1157,val
data/raw/ok_front/cast_ok_0_7511.jpeg,normal,0,1158,val
data/raw/ok_front/cast_ok_0_7519.jpeg,normal,0,981,train
data/raw/ok_front/cast_ok_0_7523.jpeg,normal,0,1160,train
data/raw/ok_front/cast_ok_0_7561.jpeg,normal,0,1161,train
data/raw/ok_front/cast_ok_0_7568.jpeg,normal,0,1162,val
data/raw/ok_front/cast_ok_0_7573.jpeg,normal,0,982,test
data/raw/ok_front/cast_ok_0_7591.jpeg,normal,0,1164,val
data/raw/ok_front/cast_ok_0_7604.jpeg,normal,0,994,train
data/raw/ok_front/cast_ok_0_7609.jpeg,normal,0,1166,val
data/raw/ok_front/cast_ok_0_7642.jpeg,normal,0,1167,test
data/raw/ok_front/cast_ok_0_766.jpeg,normal,0,1168,train
data/raw/ok_front/cast_ok_0_7664.jpeg,normal,0,1169,train
data/raw/ok_front/cast_ok_0_7673.jpeg,normal,0,1170,train
data/raw/ok_front/cast_ok_0_7690.jpeg,normal,0,1171,val
data/raw/ok_front/cast_ok_0_7693.jpeg,normal,0,1172,train
data/raw/ok_front/cast_ok_0_7720.jpeg,normal,0,1173,train
data/raw/ok_front/cast_ok_0_773.jpeg,normal,0,1174,train
data/raw/ok_front/cast_ok_0_7741.jpeg,normal,0,1175,train
data/raw/ok_front/cast_ok_0_775.jpeg,normal,0,1176,train
data/raw/ok_front/cast_ok_0_776.jpeg,normal,0,1177,train
data/raw/ok_front/cast_ok_0_7773.jpeg,normal,0,1074,train
data/raw/ok_front/cast_ok_0_7815.jpeg,normal,0,1179,val
data/raw/ok_front/cast_ok_0_7831.jpeg,normal,0,1180,train
data/raw/ok_front/cast_ok_0_7836.jpeg,normal,0,1181,train
data/raw/ok_front/cast_ok_0_7841.jpeg,normal,0,1182,train
data/raw/ok_front/cast_ok_0_7872.jpeg,normal,0,1183,train
data/raw/ok_front/cast_ok_0_7904.jpeg,normal,0,1184,train
data/raw/ok_front/cast_ok_0_7939.jpeg,normal,0,1185,val
data/raw/ok_front/cast_ok_0_8002.jpeg,normal,0,1186,train
data/raw/ok_front/cast_ok_0_8021.jpeg,normal,0,1187,train
data/raw/ok_front/cast_ok_0_8034.jpeg,normal,0,1188,train
data/raw/ok_front/cast_ok_0_805.jpeg,normal,0,1189,train
data/raw/ok_front/cast_ok_0_8067.jpeg,normal,0,1190,train
data/raw/ok_front/cast_ok_0_8076.jpeg,normal,0,1191,train
data/raw/ok_front/cast_ok_0_8079.jpeg,normal,0,1192,train
data/raw/ok_front/cast_ok_0_8088.jpeg,normal,0,1193,train
data/raw/ok_front/cast_ok_0_8113.jpeg,normal,0,815,train
data/raw/ok_front/cast_ok_0_8126.jpeg,normal,0,815,train
data/raw/ok_front/cast_ok_0_8127.jpeg,normal,0,1196,test
data/raw/ok_front/cast_ok_0_8153.jpeg,normal,0,1197,train
data/raw/ok_front/cast_ok_0_8166.jpeg,normal,0,1198,train
data/raw/ok_front/cast_ok_0_8208.jpeg,normal,0,1199,train
data/raw/ok_front/cast_ok_0_821.jpeg,normal,0,1200,train
data/raw/ok_front/cast_ok_0_8278.jpeg,normal,0,1201,train
data/raw/ok_front/cast_ok_0_8284.jpeg,normal,0,1202,test
data/raw/ok_front/cast_ok_0_833.jpeg,normal,0,1203,train
data/raw/ok_front/cast_ok_0_8356.jpeg,normal,0,1204,train
data/raw/ok_front/cast_ok_0_8375.jpeg,normal,0,1205,train
data/raw/ok_front/cast_ok_0_8388.jpeg,normal,0,1206,val
data/raw/ok_front/cast_ok_0_8419.jpeg,normal,0,1207,train
data/raw/ok_front/cast_ok_0_8425.jpeg,normal,0,1208,test
data/raw/ok_front/cast_ok_0_8429.jpeg,normal,0,1209,train
data/raw/ok_front/cast_ok_0_8438.jpeg,normal,0,1210,train
data/raw/ok_front/cast_ok_0_8440.jpeg,normal,0,1211,test
data/raw/ok_front/cast_ok_0_8448.jpeg,normal,0,1212,train
data/raw/ok_front/cast_ok_0_8460.jpeg,normal,0,826,test
data/raw/ok_front/cast_ok_0_8466.jpeg,normal,0,1214,train
data/raw/ok_front/cast_ok_0_8496.jpeg,normal,0,1215,train
data/raw/ok_front/cast_ok_0_850.jpeg,normal,0,1216,val
data/raw/ok_front/cast_ok_0_8511.jpeg,normal,0,1217,test
data/raw/ok_front/cast_ok_0_8533.jpeg,normal,0,1218,train
data/raw/ok_front/cast_ok_0_8540.jpeg,normal,0,1219,train
data/raw/ok_front/cast_ok_0_8566.jpeg,normal,0,1220,val
data/raw/ok_front/cast_ok_0_8579.jpeg,normal,0,1221,train
data/raw/ok_front/cast_ok_0_8580.jpeg,normal,0,1222,train
data/raw/ok_front/cast_ok_0_8601.jpeg,normal,0,1223,train
data/raw/ok_front/cast_ok_0_8616.jpeg,normal,0,1196,test
data/raw/ok_front/cast_ok_0_8646.jpeg,normal,0,1196,test
data/raw/ok_front/cast_ok_0_8664.jpeg,normal,0,1226,train
data/raw/ok_front/cast_ok_0_8691.jpeg,normal,0,1227,test
data/raw/ok_front/cast_ok_0_872.jpeg,normal,0,1228,test
data/raw/ok_front/cast_ok_0_8723.jpeg,normal,0,1075,test
data/raw/ok_front/cast_ok_0_8726.jpeg,normal,0,1230,train
data/raw/ok_front/cast_ok_0_8738.jpeg,normal,0,1231,train
data/raw/ok_front/cast_ok_0_8745.jpeg,normal,0,893,train
data/raw/ok_front/cast_ok_0_8751.jpeg,normal,0,795,train
data/raw/ok_front/cast_ok_0_8762.jpeg,normal,0,1234,val
data/raw/ok_front/cast_ok_0_8776.jpeg,normal,0,1235,val
data/raw/ok_front/cast_ok_0_8833.jpeg,normal,0,1236,train
data/raw/ok_front/cast_ok_0_8875.jpeg,normal,0,1237,train
data/raw/ok_front/cast_ok_0_8930.jpeg,normal,0,1238,train
data/raw/ok_front/cast_ok_0_8974.jpeg,normal,0,1048,test
data/raw/ok_front/cast_ok_0_8978.jpeg,normal,0,1240,train
data/raw/ok_front/cast_ok_0_8996.jpeg,normal,0,1241,train
data/raw/ok_front/cast_ok_0_9008.jpeg,normal,0,1242,train
data/raw/ok_front/cast_ok_0_9026.jpeg,normal,0,1243,train
data/raw/ok_front/cast_ok_0_904.jpeg,normal,0,1244,val
data/raw/ok_front/cast_ok_0_9108.jpeg,normal,0,1245,train
data/raw/ok_front/cast_ok_0_9112.jpeg,normal,0,1246,val
data/raw/ok_front/cast_ok_0_9120.jpeg,normal,0,1247,train
data/raw/ok_front/cast_ok_0_9135.jpeg,normal,0,1248,train
data/raw/ok_front/cast_ok_0_9136.jpeg,normal,0,1249,test
data/raw/ok_front/cast_ok_0_9150.jpeg,normal,0,1250,val
data/raw/ok_front/cast_ok_0_9173.jpeg,normal,0,1251,test
data/raw/ok_front/cast_ok_0_9191.jpeg,normal,0,1252,train
data/raw/ok_front/cast_ok_0_9192.jpeg,normal,0,1196,test
data/raw/ok_front/cast_ok_0_9193.jpeg,normal,0,1254,train
data/raw/ok_front/cast_ok_0_9201.jpeg,normal,0,1255,train
data/raw/ok_front/cast_ok_0_9202.jpeg,normal,0,1256,train
data/raw/ok_front/cast_ok_0_9216.jpeg,normal,0,1257,train
data/raw/ok_front/cast_ok_0_9224.jpeg,normal,0,1258,train
data/raw/ok_front/cast_ok_0_9232.jpeg,normal,0,1259,train
data/raw/ok_front/cast_ok_0_9235.jpeg,normal,0,1260,train
data/raw/ok_front/cast_ok_0_9239.jpeg,normal,0,1261,train
data/raw/ok_front/cast_ok_0_9260.jpeg,normal,0,1262,train
data/raw/ok_front/cast_ok_0_9270.jpeg,normal,0,1263,train
data/raw/ok_front/cast_ok_0_9277.jpeg,normal,0,1264,train
data/raw/ok_front/cast_ok_0_93.jpeg,normal,0,1265,val
data/raw/ok_front/cast_ok_0_9307.jpeg,normal,0,1266,train
data/raw/ok_front/cast_ok_0_9341.jpeg,normal,0,1267,train
data/raw/ok_front/cast_ok_0_9360.jpeg,normal,0,1268,train
data/raw/ok_front/cast_ok_0_9366.jpeg,normal,0,1168,train
data/raw/ok_front/cast_ok_0_9367.jpeg,normal,0,1270,test
data/raw/ok_front/cast_ok_0_9389.jpeg,normal,0,1271,train
data/raw/ok_front/cast_ok_0_9393.jpeg,normal,0,1272,val
data/raw/ok_front/cast_ok_0_9395.jpeg,normal,0,1273,train
data/raw/ok_front/cast_ok_0_9397.jpeg,normal,0,1274,train
data/raw/ok_front/cast_ok_0_9411.jpeg,normal,0,1275,test
data/raw/ok_front/cast_ok_0_9464.jpeg,normal,0,852,train
data/raw/ok_front/cast_ok_0_9494.jpeg,normal,0,1277,train
data/raw/ok_front/cast_ok_0_9516.jpeg,normal,0,1278,train
data/raw/ok_front/cast_ok_0_9536.jpeg,normal,0,1279,train
data/raw/ok_front/cast_ok_0_9584.jpeg,normal,0,1280,train
data/raw/ok_front/cast_ok_0_9591.jpeg,normal,0,1281,train
data/raw/ok_front/cast_ok_0_9634.jpeg,normal,0,1282,val
data/raw/ok_front/cast_ok_0_9647.jpeg,normal,0,820,train
data/raw/ok_front/cast_ok_0_9658.jpeg,normal,0,1284,test
data/raw/ok_front/cast_ok_0_9667.jpeg,normal,0,1273,train
data/raw/ok_front/cast_ok_0_968.jpeg,normal,0,1286,val
data/raw/ok_front/cast_ok_0_9732.jpeg,normal,0,1287,train
data/raw/ok_front/cast_ok_0_9734.jpeg,normal,0,1288,val
data/raw/ok_front/cast_ok_0_9741.jpeg,normal,0,1289,train
data/raw/ok_front/cast_ok_0_9771.jpeg,normal,0,1290,val
data/raw/ok_front/cast_ok_0_9791.jpeg,normal,0,1291,train
data/raw/ok_front/cast_ok_0_981.jpeg,normal,0,1292,val
data/raw/ok_front/cast_ok_0_9818.jpeg,normal,0,839,val
data/raw/ok_front/cast_ok_0_9840.jpeg,normal,0,1294,test
data/raw/ok_front/cast_ok_0_9843.jpeg,normal,0,1295,train
data/raw/ok_front/cast_ok_0_9850.jpeg,normal,0,1296,test
data/raw/ok_front/cast_ok_0_9959.jpeg,normal,0,1297,train
data/raw/ok_front/cast_ok_0_9966.jpeg,normal,0,1298,train
data/raw/ok_front/cast_ok_0_9990.jpeg,normal,0,1299,train
