epoch,train_loss,val_loss,val_f1,val_recall,val_precision,val_roc_auc,val_pr_auc,lr_head,epoch_sec
1,0.596972895520074,0.57323920124709,0.7032967032967034,0.5470085470085471,0.9846153846153847,0.8773873588688403,0.9249713956445862,0.00051,24.51327657699585
2,0.5275713545935494,0.518207888410549,0.7980295566502463,0.6923076923076923,0.9418604651162791,0.8859343674158489,0.9304165351060667,2e-05,49.87656807899475
3,0.4199004662888391,0.14593396644399623,0.9620253164556962,0.9743589743589743,0.95,0.9919805845731772,0.9953964305900731,0.001,162.03019285202026
4,0.20554034784436226,0.06973244291212824,0.9913793103448276,0.9829059829059829,1.0,0.9967289226548486,0.998182661186324,0.000995012506521657,332.4939134120941
5,0.17791036888957024,0.08156217664781243,0.987012987012987,0.9743589743589743,1.0,0.9938799198058458,0.997167277167277,0.0009801515570711037,37.65010476112366
6,0.15141168449606215,0.07364819958956555,0.9913793103448276,0.9829059829059829,1.0,0.9979951461432943,0.9988059326294619,0.000955719677723714,41.5950767993927
7,0.14141262163008964,0.058667426458512896,0.987012987012987,0.9743589743589743,1.0,0.9983117020154058,0.9989717884454725,0.0009222142310872788,348.84315395355225
8,0.15151224045881204,0.05446972385650933,0.9826086956521739,0.9658119658119658,1.0,0.9996834441278887,0.9997863247863247,0.0008803172914335866,37.12108111381531
9,0.1621867705668722,0.06052927236364345,0.987012987012987,0.9743589743589743,1.0,0.9998944813759628,0.9999275677241778,0.0008308817596331898,33.59284853935242
10,0.14780208761138575,0.03708049924009376,0.9957081545064378,0.9914529914529915,1.0,1.0,0.9999999999999999,0.0007749140005532429,29.634434461593628
11,0.14428749361208507,0.04240958356872351,0.9957081545064378,0.9914529914529915,1.0,1.0,0.9999999999999999,0.0007135533563709244,29.29179620742798
12,0.13968777656555176,0.03466355838257857,0.9957081545064378,0.9914529914529915,1.0,1.0,0.9999999999999999,0.0006480489528523006,29.46636724472046
13,0.13933666875319822,0.03210072840253512,0.9957081545064378,0.9914529914529915,1.0,1.0,0.9999999999999999,0.0005797342707539098,29.366875648498535
14,0.1357983805771385,0.03533036623037222,0.9957081545064378,0.9914529914529915,1.0,1.0,0.9999999999999999,0.00051,29.157114028930664
15,0.1365355955702918,0.027397478620211285,1.0,1.0,1.0,1.0,0.9999999999999999,0.00044026572924609034,30.10197925567627
16,0.13122105465403625,0.026656849930683773,1.0,1.0,1.0,1.0,0.9999999999999999,0.00037195104714769946,29.991809844970703
17,0.12919090874493122,0.032479932475270645,1.0,1.0,1.0,1.0,0.9999999999999999,0.0003064466436290757,29.6656813621521
18,0.13156007576201642,0.03136811529596647,1.0,1.0,1.0,1.0,0.9999999999999999,0.00024508599944675737,29.824491500854492
19,0.1283276200826679,0.030107951487856683,1.0,1.0,1.0,1.0,0.9999999999999999,0.00018911824036681036,29.820897102355957
20,0.13676460459828377,0.02696566076742278,1.0,1.0,1.0,1.0,0.9999999999999999,0.0001396827085664135,29.622057914733887
21,0.13176462267126357,0.028485237385588464,1.0,1.0,1.0,1.0,0.9999999999999999,9.778576891272116e-05,29.503981828689575
22,0.12648759356566838,0.027639152726741754,1.0,1.0,1.0,1.0,0.9999999999999999,6.428032227628597e-05,29.22089672088623
23,0.13045831077865191,0.027531517312081172,1.0,1.0,1.0,1.0,0.9999999999999999,3.984844292889635e-05,29.08513832092285
